peer_assignment_id,peer_assignment_review_schema_part_id,peer_submission_id,peer_submission_part_score
"mOdhnQjIEeWRIiIAC9lFJw@12","5","B5n3EX_vEeWtPQ4SI9a3Aw",2
"mOdhnQjIEeWRIiIAC9lFJw@12","23","_RJ_c26yEeWgtQq7brjg6Q",2
"mOdhnQjIEeWRIiIAC9lFJw@12","8","GrTPOH1UEeWPJBI9QEQKiQ",2
"mOdhnQjIEeWRIiIAC9lFJw@12","2","s0_1Vn1SEeWWpw7gge8ZbQ",2
"mOdhnQjIEeWRIiIAC9lFJw@12","2","vHGWDH1-EeWgtQq7brjg6Q",2
"mOdhnQjIEeWRIiIAC9lFJw@12","23","mYCoimy-EeWXygocDxikNQ",2
"mOdhnQjIEeWRIiIAC9lFJw@12","2","I2QwSYz2EeWxBRJyFAq9aQ",2
"mOdhnQjIEeWRIiIAC9lFJw@12","8","sJaM1HDrEeWtPhJmZh_6JQ",2
"mOdhnQjIEeWRIiIAC9lFJw@12","5","zkhp7G7gEeWWpw7gge8ZbQ",2
"mOdhnQjIEeWRIiIAC9lFJw@12","32","HqvVk4IVEeWXhBLVaZurhQ",2
"mOdhnQjIEeWRIiIAC9lFJw@12","32","N5a2pHb_EeWpCwrPNVXTlw",2
"mOdhnQjIEeWRIiIAC9lFJw@12","5","2GRmVmpZEeWy9BLlActDnw",2
"mOdhnQjIEeWRIiIAC9lFJw@12","18","N5a2pHb_EeWpCwrPNVXTlw",4
"mOdhnQjIEeWRIiIAC9lFJw@12","12","hAGx62w4EeWXygocDxikNQ",3
"mOdhnQjIEeWRIiIAC9lFJw@12","18","HqvVk4IVEeWXhBLVaZurhQ",4
"mOdhnQjIEeWRIiIAC9lFJw@12","2","9dPj1XSoEeWXygocDxikNQ",2
"mOdhnQjIEeWRIiIAC9lFJw@12","32","5dgIpHSuEeWgtQq7brjg6Q",2
"mOdhnQjIEeWRIiIAC9lFJw@12","12","-4-CIXSlEeWqXg7D-Kwb-Q",3
"mOdhnQjIEeWRIiIAC9lFJw@12","23","GrTPOH1UEeWPJBI9QEQKiQ",2
"mOdhnQjIEeWRIiIAC9lFJw@12","1","vHGWDH1-EeWgtQq7brjg6Q",1
"mOdhnQjIEeWRIiIAC9lFJw@12","32","dqw8ZncMEeWdPxJ-h_8T7w",2
"mOdhnQjIEeWRIiIAC9lFJw@12","23","9dPj1XSoEeWXygocDxikNQ",2
"mOdhnQjIEeWRIiIAC9lFJw@12","32","s0_1Vn1SEeWWpw7gge8ZbQ",2
"mOdhnQjIEeWRIiIAC9lFJw@12","18","32k-C4JXEeWL6AoNmIctaQ",0
"mOdhnQjIEeWRIiIAC9lFJw@12","1","q9oaPYKaEeW93g4-ZzZ2VQ",1
"mOdhnQjIEeWRIiIAC9lFJw@12","8","s0_1Vn1SEeWWpw7gge8ZbQ",2
"mOdhnQjIEeWRIiIAC9lFJw@12","5","GrTPOH1UEeWPJBI9QEQKiQ",2
"mOdhnQjIEeWRIiIAC9lFJw@12","23","xrve-XWBEeWtPhJmZh_6JQ",2
"mOdhnQjIEeWRIiIAC9lFJw@12","8","zC4MRnfUEeWWpw7gge8ZbQ",2
"mOdhnQjIEeWRIiIAC9lFJw@12","27","B5n3EX_vEeWtPQ4SI9a3Aw",3
"mOdhnQjIEeWRIiIAC9lFJw@12","12","dqw8ZncMEeWdPxJ-h_8T7w",3
"mOdhnQjIEeWRIiIAC9lFJw@12","27","IS5HRnAAEeWgtQq7brjg6Q",3
"mOdhnQjIEeWRIiIAC9lFJw@12","5","OTkmj53gEeWGxBJdkUHhbw",2
"mOdhnQjIEeWRIiIAC9lFJw@12","32","WykFa2_vEeWPJBI9QEQKiQ",2
"mOdhnQjIEeWRIiIAC9lFJw@12","12","I2QwSYz2EeWxBRJyFAq9aQ",3
"mOdhnQjIEeWRIiIAC9lFJw@12","2","xrve-XWBEeWtPhJmZh_6JQ",2
"mOdhnQjIEeWRIiIAC9lFJw@12","8","zkhp7G7gEeWWpw7gge8ZbQ",2
"mOdhnQjIEeWRIiIAC9lFJw@12","5","pxdc4nWzEeWGywq_F70CwQ",2
"mOdhnQjIEeWRIiIAC9lFJw@12","8","lMriv3VsEeWdPxJ-h_8T7w",2
"mOdhnQjIEeWRIiIAC9lFJw@12","2","32k-C4JXEeWL6AoNmIctaQ",2
"mOdhnQjIEeWRIiIAC9lFJw@12","12","WykFa2_vEeWPJBI9QEQKiQ",3
"mOdhnQjIEeWRIiIAC9lFJw@12","23","q9oaPYKaEeW93g4-ZzZ2VQ",2
"mOdhnQjIEeWRIiIAC9lFJw@12","32","IS5HRnAAEeWgtQq7brjg6Q",2
"mOdhnQjIEeWRIiIAC9lFJw@12","18","ouGorIJFEeWOJwp8z3qGpQ",4
"mOdhnQjIEeWRIiIAC9lFJw@12","12","xrve-XWBEeWtPhJmZh_6JQ",1
"mOdhnQjIEeWRIiIAC9lFJw@12","32","lMriv3VsEeWdPxJ-h_8T7w",2
"mOdhnQjIEeWRIiIAC9lFJw@12","2","kLJHrGyjEeWDzg4yGnIlTw",2
"mOdhnQjIEeWRIiIAC9lFJw@12","12","5dgIpHSuEeWgtQq7brjg6Q",3
"mOdhnQjIEeWRIiIAC9lFJw@12","27","_CyPt3W0EeWpCwrPNVXTlw",3
"mOdhnQjIEeWRIiIAC9lFJw@12","27","lMriv3VsEeWdPxJ-h_8T7w",3
"mOdhnQjIEeWRIiIAC9lFJw@12","8","ahbsWWw9EeWDzg4yGnIlTw",2
"mOdhnQjIEeWRIiIAC9lFJw@12","1","32k-C4JXEeWL6AoNmIctaQ",0
"mOdhnQjIEeWRIiIAC9lFJw@12","23","-4-CIXSlEeWqXg7D-Kwb-Q",2
"mOdhnQjIEeWRIiIAC9lFJw@12","27","ahbsWWw9EeWDzg4yGnIlTw",3
"mOdhnQjIEeWRIiIAC9lFJw@12","27","9dPj1XSoEeWXygocDxikNQ",3
"mOdhnQjIEeWRIiIAC9lFJw@12","23","sJaM1HDrEeWtPhJmZh_6JQ",2
"mOdhnQjIEeWRIiIAC9lFJw@12","23","zkhp7G7gEeWWpw7gge8ZbQ",2
"mOdhnQjIEeWRIiIAC9lFJw@12","23","KakNNIEREeWe6Qot63L7mQ",2
"mOdhnQjIEeWRIiIAC9lFJw@12","18","zC4MRnfUEeWWpw7gge8ZbQ",4
"mOdhnQjIEeWRIiIAC9lFJw@12","18","xrve-XWBEeWtPhJmZh_6JQ",2
"mOdhnQjIEeWRIiIAC9lFJw@12","18","iUK6w3DtEeWWpw7gge8ZbQ",4
"mOdhnQjIEeWRIiIAC9lFJw@12","32","-4-CIXSlEeWqXg7D-Kwb-Q",2
"mOdhnQjIEeWRIiIAC9lFJw@12","8","iUK6w3DtEeWWpw7gge8ZbQ",2
"mOdhnQjIEeWRIiIAC9lFJw@12","5","q9oaPYKaEeW93g4-ZzZ2VQ",2
"mOdhnQjIEeWRIiIAC9lFJw@12","23","lMriv3VsEeWdPxJ-h_8T7w",2
"mOdhnQjIEeWRIiIAC9lFJw@12","12","sJaM1HDrEeWtPhJmZh_6JQ",3
"mOdhnQjIEeWRIiIAC9lFJw@12","1","30hhNn4PEeWU3RJpSD4VQQ",1
"mOdhnQjIEeWRIiIAC9lFJw@12","32","B5n3EX_vEeWtPQ4SI9a3Aw",2
"mOdhnQjIEeWRIiIAC9lFJw@12","2","sJaM1HDrEeWtPhJmZh_6JQ",2
"mOdhnQjIEeWRIiIAC9lFJw@12","5","IS5HRnAAEeWgtQq7brjg6Q",2
"mOdhnQjIEeWRIiIAC9lFJw@12","1","qYcibW_-EeWWpw7gge8ZbQ",1
"mOdhnQjIEeWRIiIAC9lFJw@12","32","1yYb0X4VEeWnog5Tztp3jQ",2
"mOdhnQjIEeWRIiIAC9lFJw@12","18","_RJ_c26yEeWgtQq7brjg6Q",4
"mOdhnQjIEeWRIiIAC9lFJw@12","2","_RJ_c26yEeWgtQq7brjg6Q",2
"mOdhnQjIEeWRIiIAC9lFJw@12","5","lMriv3VsEeWdPxJ-h_8T7w",2
"mOdhnQjIEeWRIiIAC9lFJw@12","27","WykFa2_vEeWPJBI9QEQKiQ",3
"mOdhnQjIEeWRIiIAC9lFJw@12","5","sJaM1HDrEeWtPhJmZh_6JQ",2
"mOdhnQjIEeWRIiIAC9lFJw@12","8","9dPj1XSoEeWXygocDxikNQ",2
"mOdhnQjIEeWRIiIAC9lFJw@12","1","_RJ_c26yEeWgtQq7brjg6Q",1
"mOdhnQjIEeWRIiIAC9lFJw@12","12","1yYb0X4VEeWnog5Tztp3jQ",3
"mOdhnQjIEeWRIiIAC9lFJw@12","27","ouGorIJFEeWOJwp8z3qGpQ",3
"mOdhnQjIEeWRIiIAC9lFJw@12","5","30hhNn4PEeWU3RJpSD4VQQ",2
"mOdhnQjIEeWRIiIAC9lFJw@12","18","_CyPt3W0EeWpCwrPNVXTlw",0
"mOdhnQjIEeWRIiIAC9lFJw@12","1","2GRmVmpZEeWy9BLlActDnw",1
"mOdhnQjIEeWRIiIAC9lFJw@12","23","N5a2pHb_EeWpCwrPNVXTlw",2
"mOdhnQjIEeWRIiIAC9lFJw@12","32","hAGx62w4EeWXygocDxikNQ",2
"mOdhnQjIEeWRIiIAC9lFJw@12","32","mYCoimy-EeWXygocDxikNQ",2
"mOdhnQjIEeWRIiIAC9lFJw@12","23","5dgIpHSuEeWgtQq7brjg6Q",2
"mOdhnQjIEeWRIiIAC9lFJw@12","5","xrve-XWBEeWtPhJmZh_6JQ",2
"mOdhnQjIEeWRIiIAC9lFJw@12","5","qYcibW_-EeWWpw7gge8ZbQ",2
"mOdhnQjIEeWRIiIAC9lFJw@12","2","7wUmK4ChEeWZiRK7avAQuw",2
"mOdhnQjIEeWRIiIAC9lFJw@12","8","1yYb0X4VEeWnog5Tztp3jQ",2
"mOdhnQjIEeWRIiIAC9lFJw@12","27","q9oaPYKaEeW93g4-ZzZ2VQ",3
"mOdhnQjIEeWRIiIAC9lFJw@12","18","s0_1Vn1SEeWWpw7gge8ZbQ",4
"mOdhnQjIEeWRIiIAC9lFJw@12","32","pxdc4nWzEeWGywq_F70CwQ",2
"mOdhnQjIEeWRIiIAC9lFJw@12","23","2GRmVmpZEeWy9BLlActDnw",2
"mOdhnQjIEeWRIiIAC9lFJw@12","1","kLJHrGyjEeWDzg4yGnIlTw",1
"mOdhnQjIEeWRIiIAC9lFJw@12","2","5dgIpHSuEeWgtQq7brjg6Q",2
"mOdhnQjIEeWRIiIAC9lFJw@12","23","1yYb0X4VEeWnog5Tztp3jQ",2
"mOdhnQjIEeWRIiIAC9lFJw@12","1","-4-CIXSlEeWqXg7D-Kwb-Q",1
"mOdhnQjIEeWRIiIAC9lFJw@12","12","_RJ_c26yEeWgtQq7brjg6Q",3
"mOdhnQjIEeWRIiIAC9lFJw@12","27","xrve-XWBEeWtPhJmZh_6JQ",1
"mOdhnQjIEeWRIiIAC9lFJw@12","18","lMriv3VsEeWdPxJ-h_8T7w",4
"mOdhnQjIEeWRIiIAC9lFJw@12","18","q9oaPYKaEeW93g4-ZzZ2VQ",4
"mOdhnQjIEeWRIiIAC9lFJw@12","2","zC4MRnfUEeWWpw7gge8ZbQ",2
"mOdhnQjIEeWRIiIAC9lFJw@12","23","IS5HRnAAEeWgtQq7brjg6Q",2
"mOdhnQjIEeWRIiIAC9lFJw@12","8","xrve-XWBEeWtPhJmZh_6JQ",0
"mOdhnQjIEeWRIiIAC9lFJw@12","1","hAGx62w4EeWXygocDxikNQ",1
"mOdhnQjIEeWRIiIAC9lFJw@12","32","_CyPt3W0EeWpCwrPNVXTlw",2
"mOdhnQjIEeWRIiIAC9lFJw@12","12","_CyPt3W0EeWpCwrPNVXTlw",3
"mOdhnQjIEeWRIiIAC9lFJw@12","1","B5n3EX_vEeWtPQ4SI9a3Aw",1
"mOdhnQjIEeWRIiIAC9lFJw@12","18","WykFa2_vEeWPJBI9QEQKiQ",4
"mOdhnQjIEeWRIiIAC9lFJw@12","1","KakNNIEREeWe6Qot63L7mQ",1
"mOdhnQjIEeWRIiIAC9lFJw@12","12","ahbsWWw9EeWDzg4yGnIlTw",3
"mOdhnQjIEeWRIiIAC9lFJw@12","8","vHGWDH1-EeWgtQq7brjg6Q",2
"mOdhnQjIEeWRIiIAC9lFJw@12","32","7wUmK4ChEeWZiRK7avAQuw",2
"mOdhnQjIEeWRIiIAC9lFJw@12","1","iUK6w3DtEeWWpw7gge8ZbQ",1
"mOdhnQjIEeWRIiIAC9lFJw@12","18","2GRmVmpZEeWy9BLlActDnw",4
"mOdhnQjIEeWRIiIAC9lFJw@12","23","vHGWDH1-EeWgtQq7brjg6Q",2
"mOdhnQjIEeWRIiIAC9lFJw@12","5","ahbsWWw9EeWDzg4yGnIlTw",2
"mOdhnQjIEeWRIiIAC9lFJw@12","27","s0_1Vn1SEeWWpw7gge8ZbQ",3
"mOdhnQjIEeWRIiIAC9lFJw@12","1","HqvVk4IVEeWXhBLVaZurhQ",1
"mOdhnQjIEeWRIiIAC9lFJw@12","27","1yYb0X4VEeWnog5Tztp3jQ",2
"mOdhnQjIEeWRIiIAC9lFJw@12","8","ouGorIJFEeWOJwp8z3qGpQ",2
"mOdhnQjIEeWRIiIAC9lFJw@12","23","s0_1Vn1SEeWWpw7gge8ZbQ",2
"mOdhnQjIEeWRIiIAC9lFJw@12","8","q9oaPYKaEeW93g4-ZzZ2VQ",2
"mOdhnQjIEeWRIiIAC9lFJw@12","27","OTkmj53gEeWGxBJdkUHhbw",3
"mOdhnQjIEeWRIiIAC9lFJw@12","5","s0_1Vn1SEeWWpw7gge8ZbQ",2
"mOdhnQjIEeWRIiIAC9lFJw@12","8","30hhNn4PEeWU3RJpSD4VQQ",2
"mOdhnQjIEeWRIiIAC9lFJw@12","5","N5a2pHb_EeWpCwrPNVXTlw",2
"mOdhnQjIEeWRIiIAC9lFJw@12","27","hAGx62w4EeWXygocDxikNQ",3
"mOdhnQjIEeWRIiIAC9lFJw@12","18","30hhNn4PEeWU3RJpSD4VQQ",4
"mOdhnQjIEeWRIiIAC9lFJw@12","12","qYcibW_-EeWWpw7gge8ZbQ",3
"mOdhnQjIEeWRIiIAC9lFJw@12","27","5dgIpHSuEeWgtQq7brjg6Q",3
"mOdhnQjIEeWRIiIAC9lFJw@12","2","-4-CIXSlEeWqXg7D-Kwb-Q",2
"mOdhnQjIEeWRIiIAC9lFJw@12","1","IS5HRnAAEeWgtQq7brjg6Q",1
"mOdhnQjIEeWRIiIAC9lFJw@12","8","B5n3EX_vEeWtPQ4SI9a3Aw",2
"mOdhnQjIEeWRIiIAC9lFJw@12","32","KakNNIEREeWe6Qot63L7mQ",2
"mOdhnQjIEeWRIiIAC9lFJw@12","12","OTkmj53gEeWGxBJdkUHhbw",3
"mOdhnQjIEeWRIiIAC9lFJw@12","1","9dPj1XSoEeWXygocDxikNQ",1
"mOdhnQjIEeWRIiIAC9lFJw@12","12","7wUmK4ChEeWZiRK7avAQuw",3
"mOdhnQjIEeWRIiIAC9lFJw@12","18","GrTPOH1UEeWPJBI9QEQKiQ",4
"mOdhnQjIEeWRIiIAC9lFJw@12","18","KakNNIEREeWe6Qot63L7mQ",4
"mOdhnQjIEeWRIiIAC9lFJw@12","5","zC4MRnfUEeWWpw7gge8ZbQ",2
"mOdhnQjIEeWRIiIAC9lFJw@12","1","GrTPOH1UEeWPJBI9QEQKiQ",1
"mOdhnQjIEeWRIiIAC9lFJw@12","12","KakNNIEREeWe6Qot63L7mQ",3
"mOdhnQjIEeWRIiIAC9lFJw@12","27","KakNNIEREeWe6Qot63L7mQ",3
"mOdhnQjIEeWRIiIAC9lFJw@12","1","1yYb0X4VEeWnog5Tztp3jQ",1
"mOdhnQjIEeWRIiIAC9lFJw@12","18","7wUmK4ChEeWZiRK7avAQuw",4
"mOdhnQjIEeWRIiIAC9lFJw@12","5","iUK6w3DtEeWWpw7gge8ZbQ",2
"mOdhnQjIEeWRIiIAC9lFJw@12","18","I2QwSYz2EeWxBRJyFAq9aQ",4
"mOdhnQjIEeWRIiIAC9lFJw@12","8","7wUmK4ChEeWZiRK7avAQuw",2
"mOdhnQjIEeWRIiIAC9lFJw@12","12","s0_1Vn1SEeWWpw7gge8ZbQ",3
"mOdhnQjIEeWRIiIAC9lFJw@12","18","sJaM1HDrEeWtPhJmZh_6JQ",4
"mOdhnQjIEeWRIiIAC9lFJw@12","12","mYCoimy-EeWXygocDxikNQ",3
"mOdhnQjIEeWRIiIAC9lFJw@12","1","I2QwSYz2EeWxBRJyFAq9aQ",1
"mOdhnQjIEeWRIiIAC9lFJw@12","8","KakNNIEREeWe6Qot63L7mQ",2
"mOdhnQjIEeWRIiIAC9lFJw@12","27","qYcibW_-EeWWpw7gge8ZbQ",3
"mOdhnQjIEeWRIiIAC9lFJw@12","5","mYCoimy-EeWXygocDxikNQ",2
"mOdhnQjIEeWRIiIAC9lFJw@12","5","9dPj1XSoEeWXygocDxikNQ",2
"mOdhnQjIEeWRIiIAC9lFJw@12","8","hAGx62w4EeWXygocDxikNQ",2
"mOdhnQjIEeWRIiIAC9lFJw@12","27","pxdc4nWzEeWGywq_F70CwQ",3
"mOdhnQjIEeWRIiIAC9lFJw@12","23","dqw8ZncMEeWdPxJ-h_8T7w",2
"mOdhnQjIEeWRIiIAC9lFJw@12","12","B5n3EX_vEeWtPQ4SI9a3Aw",3
"mOdhnQjIEeWRIiIAC9lFJw@12","8","-4-CIXSlEeWqXg7D-Kwb-Q",2
"mOdhnQjIEeWRIiIAC9lFJw@12","2","hAGx62w4EeWXygocDxikNQ",2
"mOdhnQjIEeWRIiIAC9lFJw@12","8","_CyPt3W0EeWpCwrPNVXTlw",2
"mOdhnQjIEeWRIiIAC9lFJw@12","5","-4-CIXSlEeWqXg7D-Kwb-Q",2
"mOdhnQjIEeWRIiIAC9lFJw@12","2","GrTPOH1UEeWPJBI9QEQKiQ",2
"mOdhnQjIEeWRIiIAC9lFJw@12","18","kLJHrGyjEeWDzg4yGnIlTw",4
"mOdhnQjIEeWRIiIAC9lFJw@12","8","WykFa2_vEeWPJBI9QEQKiQ",2
"mOdhnQjIEeWRIiIAC9lFJw@12","32","_RJ_c26yEeWgtQq7brjg6Q",2
"mOdhnQjIEeWRIiIAC9lFJw@12","12","iUK6w3DtEeWWpw7gge8ZbQ",3
"mOdhnQjIEeWRIiIAC9lFJw@12","1","lMriv3VsEeWdPxJ-h_8T7w",1
"mOdhnQjIEeWRIiIAC9lFJw@12","1","5dgIpHSuEeWgtQq7brjg6Q",1
"mOdhnQjIEeWRIiIAC9lFJw@12","2","ouGorIJFEeWOJwp8z3qGpQ",2
"mOdhnQjIEeWRIiIAC9lFJw@12","18","ahbsWWw9EeWDzg4yGnIlTw",4
"mOdhnQjIEeWRIiIAC9lFJw@12","5","KakNNIEREeWe6Qot63L7mQ",2
"mOdhnQjIEeWRIiIAC9lFJw@12","27","iUK6w3DtEeWWpw7gge8ZbQ",3
"mOdhnQjIEeWRIiIAC9lFJw@12","1","s0_1Vn1SEeWWpw7gge8ZbQ",1
"mOdhnQjIEeWRIiIAC9lFJw@12","18","5dgIpHSuEeWgtQq7brjg6Q",4
"mOdhnQjIEeWRIiIAC9lFJw@12","23","_CyPt3W0EeWpCwrPNVXTlw",2
"mOdhnQjIEeWRIiIAC9lFJw@12","1","ahbsWWw9EeWDzg4yGnIlTw",1
"mOdhnQjIEeWRIiIAC9lFJw@12","5","32k-C4JXEeWL6AoNmIctaQ",2
"mOdhnQjIEeWRIiIAC9lFJw@12","12","HqvVk4IVEeWXhBLVaZurhQ",3
"mOdhnQjIEeWRIiIAC9lFJw@12","1","7wUmK4ChEeWZiRK7avAQuw",1
"mOdhnQjIEeWRIiIAC9lFJw@12","18","-4-CIXSlEeWqXg7D-Kwb-Q",4
"mOdhnQjIEeWRIiIAC9lFJw@12","32","kLJHrGyjEeWDzg4yGnIlTw",2
"mOdhnQjIEeWRIiIAC9lFJw@12","12","32k-C4JXEeWL6AoNmIctaQ",0
"mOdhnQjIEeWRIiIAC9lFJw@12","27","zC4MRnfUEeWWpw7gge8ZbQ",3
"mOdhnQjIEeWRIiIAC9lFJw@12","2","WykFa2_vEeWPJBI9QEQKiQ",2
"mOdhnQjIEeWRIiIAC9lFJw@12","8","32k-C4JXEeWL6AoNmIctaQ",2
"mOdhnQjIEeWRIiIAC9lFJw@12","27","sJaM1HDrEeWtPhJmZh_6JQ",3
"mOdhnQjIEeWRIiIAC9lFJw@12","32","ouGorIJFEeWOJwp8z3qGpQ",2
"mOdhnQjIEeWRIiIAC9lFJw@12","18","zkhp7G7gEeWWpw7gge8ZbQ",4
"mOdhnQjIEeWRIiIAC9lFJw@12","1","zkhp7G7gEeWWpw7gge8ZbQ",1
"mOdhnQjIEeWRIiIAC9lFJw@12","18","hAGx62w4EeWXygocDxikNQ",4
"mOdhnQjIEeWRIiIAC9lFJw@12","27","N5a2pHb_EeWpCwrPNVXTlw",3
"mOdhnQjIEeWRIiIAC9lFJw@12","23","30hhNn4PEeWU3RJpSD4VQQ",2
"mOdhnQjIEeWRIiIAC9lFJw@12","27","32k-C4JXEeWL6AoNmIctaQ",3
"mOdhnQjIEeWRIiIAC9lFJw@12","32","ahbsWWw9EeWDzg4yGnIlTw",2
"mOdhnQjIEeWRIiIAC9lFJw@12","12","pxdc4nWzEeWGywq_F70CwQ",3
"mOdhnQjIEeWRIiIAC9lFJw@12","1","pxdc4nWzEeWGywq_F70CwQ",1
"mOdhnQjIEeWRIiIAC9lFJw@12","2","OTkmj53gEeWGxBJdkUHhbw",2
"mOdhnQjIEeWRIiIAC9lFJw@12","5","WykFa2_vEeWPJBI9QEQKiQ",2
"mOdhnQjIEeWRIiIAC9lFJw@12","32","32k-C4JXEeWL6AoNmIctaQ",2
"mOdhnQjIEeWRIiIAC9lFJw@12","32","zC4MRnfUEeWWpw7gge8ZbQ",2
"mOdhnQjIEeWRIiIAC9lFJw@12","18","pxdc4nWzEeWGywq_F70CwQ",4
"mOdhnQjIEeWRIiIAC9lFJw@12","1","ouGorIJFEeWOJwp8z3qGpQ",1
"mOdhnQjIEeWRIiIAC9lFJw@12","8","qYcibW_-EeWWpw7gge8ZbQ",2
"mOdhnQjIEeWRIiIAC9lFJw@12","23","OTkmj53gEeWGxBJdkUHhbw",2
"mOdhnQjIEeWRIiIAC9lFJw@12","23","B5n3EX_vEeWtPQ4SI9a3Aw",2
"mOdhnQjIEeWRIiIAC9lFJw@12","2","2GRmVmpZEeWy9BLlActDnw",2
"mOdhnQjIEeWRIiIAC9lFJw@12","2","_CyPt3W0EeWpCwrPNVXTlw",0
"mOdhnQjIEeWRIiIAC9lFJw@12","23","hAGx62w4EeWXygocDxikNQ",2
"mOdhnQjIEeWRIiIAC9lFJw@12","2","zkhp7G7gEeWWpw7gge8ZbQ",2
"mOdhnQjIEeWRIiIAC9lFJw@12","2","HqvVk4IVEeWXhBLVaZurhQ",2
"mOdhnQjIEeWRIiIAC9lFJw@12","5","ouGorIJFEeWOJwp8z3qGpQ",2
"mOdhnQjIEeWRIiIAC9lFJw@12","18","dqw8ZncMEeWdPxJ-h_8T7w",4
"mOdhnQjIEeWRIiIAC9lFJw@12","8","5dgIpHSuEeWgtQq7brjg6Q",2
"mOdhnQjIEeWRIiIAC9lFJw@12","32","qYcibW_-EeWWpw7gge8ZbQ",2
"mOdhnQjIEeWRIiIAC9lFJw@12","23","HqvVk4IVEeWXhBLVaZurhQ",2
"mOdhnQjIEeWRIiIAC9lFJw@12","23","kLJHrGyjEeWDzg4yGnIlTw",2
"mOdhnQjIEeWRIiIAC9lFJw@12","12","kLJHrGyjEeWDzg4yGnIlTw",3
"mOdhnQjIEeWRIiIAC9lFJw@12","23","7wUmK4ChEeWZiRK7avAQuw",2
"mOdhnQjIEeWRIiIAC9lFJw@12","2","KakNNIEREeWe6Qot63L7mQ",2
"mOdhnQjIEeWRIiIAC9lFJw@12","8","kLJHrGyjEeWDzg4yGnIlTw",2
"mOdhnQjIEeWRIiIAC9lFJw@12","2","q9oaPYKaEeW93g4-ZzZ2VQ",2
"mOdhnQjIEeWRIiIAC9lFJw@12","32","2GRmVmpZEeWy9BLlActDnw",2
"mOdhnQjIEeWRIiIAC9lFJw@12","5","dqw8ZncMEeWdPxJ-h_8T7w",2
"mOdhnQjIEeWRIiIAC9lFJw@12","12","30hhNn4PEeWU3RJpSD4VQQ",3
"mOdhnQjIEeWRIiIAC9lFJw@12","23","iUK6w3DtEeWWpw7gge8ZbQ",2
"mOdhnQjIEeWRIiIAC9lFJw@12","23","qYcibW_-EeWWpw7gge8ZbQ",2
"mOdhnQjIEeWRIiIAC9lFJw@12","2","ahbsWWw9EeWDzg4yGnIlTw",2
"mOdhnQjIEeWRIiIAC9lFJw@12","27","GrTPOH1UEeWPJBI9QEQKiQ",3
"mOdhnQjIEeWRIiIAC9lFJw@12","32","vHGWDH1-EeWgtQq7brjg6Q",2
"mOdhnQjIEeWRIiIAC9lFJw@12","1","xrve-XWBEeWtPhJmZh_6JQ",1
"mOdhnQjIEeWRIiIAC9lFJw@12","5","HqvVk4IVEeWXhBLVaZurhQ",2
"mOdhnQjIEeWRIiIAC9lFJw@12","12","q9oaPYKaEeW93g4-ZzZ2VQ",3
"mOdhnQjIEeWRIiIAC9lFJw@12","5","_RJ_c26yEeWgtQq7brjg6Q",2
"mOdhnQjIEeWRIiIAC9lFJw@12","32","q9oaPYKaEeW93g4-ZzZ2VQ",2
"mOdhnQjIEeWRIiIAC9lFJw@12","18","B5n3EX_vEeWtPQ4SI9a3Aw",4
"mOdhnQjIEeWRIiIAC9lFJw@12","12","9dPj1XSoEeWXygocDxikNQ",3
"mOdhnQjIEeWRIiIAC9lFJw@12","27","30hhNn4PEeWU3RJpSD4VQQ",3
"mOdhnQjIEeWRIiIAC9lFJw@12","18","1yYb0X4VEeWnog5Tztp3jQ",2
"mOdhnQjIEeWRIiIAC9lFJw@12","32","9dPj1XSoEeWXygocDxikNQ",2
"mOdhnQjIEeWRIiIAC9lFJw@12","32","sJaM1HDrEeWtPhJmZh_6JQ",2
"mOdhnQjIEeWRIiIAC9lFJw@12","2","1yYb0X4VEeWnog5Tztp3jQ",2
"mOdhnQjIEeWRIiIAC9lFJw@12","27","vHGWDH1-EeWgtQq7brjg6Q",3
"mOdhnQjIEeWRIiIAC9lFJw@12","5","5dgIpHSuEeWgtQq7brjg6Q",2
"mOdhnQjIEeWRIiIAC9lFJw@12","5","vHGWDH1-EeWgtQq7brjg6Q",2
"mOdhnQjIEeWRIiIAC9lFJw@12","18","qYcibW_-EeWWpw7gge8ZbQ",4
"mOdhnQjIEeWRIiIAC9lFJw@12","32","zkhp7G7gEeWWpw7gge8ZbQ",2
"mOdhnQjIEeWRIiIAC9lFJw@12","1","dqw8ZncMEeWdPxJ-h_8T7w",1
"mOdhnQjIEeWRIiIAC9lFJw@12","12","ouGorIJFEeWOJwp8z3qGpQ",3
"mOdhnQjIEeWRIiIAC9lFJw@12","23","ouGorIJFEeWOJwp8z3qGpQ",2
"mOdhnQjIEeWRIiIAC9lFJw@12","1","sJaM1HDrEeWtPhJmZh_6JQ",1
"mOdhnQjIEeWRIiIAC9lFJw@12","8","pxdc4nWzEeWGywq_F70CwQ",2
"mOdhnQjIEeWRIiIAC9lFJw@12","32","xrve-XWBEeWtPhJmZh_6JQ",1
"mOdhnQjIEeWRIiIAC9lFJw@12","2","N5a2pHb_EeWpCwrPNVXTlw",2
"mOdhnQjIEeWRIiIAC9lFJw@12","27","kLJHrGyjEeWDzg4yGnIlTw",3
"mOdhnQjIEeWRIiIAC9lFJw@12","1","WykFa2_vEeWPJBI9QEQKiQ",1
"mOdhnQjIEeWRIiIAC9lFJw@12","8","IS5HRnAAEeWgtQq7brjg6Q",2
"mOdhnQjIEeWRIiIAC9lFJw@12","27","I2QwSYz2EeWxBRJyFAq9aQ",3
"mOdhnQjIEeWRIiIAC9lFJw@12","2","lMriv3VsEeWdPxJ-h_8T7w",2
"mOdhnQjIEeWRIiIAC9lFJw@12","2","dqw8ZncMEeWdPxJ-h_8T7w",2
"mOdhnQjIEeWRIiIAC9lFJw@12","32","iUK6w3DtEeWWpw7gge8ZbQ",2
"mOdhnQjIEeWRIiIAC9lFJw@12","12","vHGWDH1-EeWgtQq7brjg6Q",3
"mOdhnQjIEeWRIiIAC9lFJw@12","5","1yYb0X4VEeWnog5Tztp3jQ",2
"mOdhnQjIEeWRIiIAC9lFJw@12","5","I2QwSYz2EeWxBRJyFAq9aQ",2
"mOdhnQjIEeWRIiIAC9lFJw@12","2","pxdc4nWzEeWGywq_F70CwQ",2
"mOdhnQjIEeWRIiIAC9lFJw@12","5","7wUmK4ChEeWZiRK7avAQuw",2
"mOdhnQjIEeWRIiIAC9lFJw@12","12","2GRmVmpZEeWy9BLlActDnw",3
"mOdhnQjIEeWRIiIAC9lFJw@12","18","mYCoimy-EeWXygocDxikNQ",4
"mOdhnQjIEeWRIiIAC9lFJw@12","2","iUK6w3DtEeWWpw7gge8ZbQ",2
"mOdhnQjIEeWRIiIAC9lFJw@12","27","7wUmK4ChEeWZiRK7avAQuw",3
"mOdhnQjIEeWRIiIAC9lFJw@12","27","HqvVk4IVEeWXhBLVaZurhQ",3
"mOdhnQjIEeWRIiIAC9lFJw@12","2","mYCoimy-EeWXygocDxikNQ",2
"mOdhnQjIEeWRIiIAC9lFJw@12","5","kLJHrGyjEeWDzg4yGnIlTw",2
"mOdhnQjIEeWRIiIAC9lFJw@12","12","zC4MRnfUEeWWpw7gge8ZbQ",3
"mOdhnQjIEeWRIiIAC9lFJw@12","27","-4-CIXSlEeWqXg7D-Kwb-Q",3
"mOdhnQjIEeWRIiIAC9lFJw@12","5","hAGx62w4EeWXygocDxikNQ",2
"mOdhnQjIEeWRIiIAC9lFJw@12","12","IS5HRnAAEeWgtQq7brjg6Q",3
"mOdhnQjIEeWRIiIAC9lFJw@12","23","32k-C4JXEeWL6AoNmIctaQ",0
"mOdhnQjIEeWRIiIAC9lFJw@12","27","2GRmVmpZEeWy9BLlActDnw",3
"mOdhnQjIEeWRIiIAC9lFJw@12","8","OTkmj53gEeWGxBJdkUHhbw",2
"mOdhnQjIEeWRIiIAC9lFJw@12","32","30hhNn4PEeWU3RJpSD4VQQ",2
"mOdhnQjIEeWRIiIAC9lFJw@12","27","_RJ_c26yEeWgtQq7brjg6Q",3
"Yt0OUgjCEeWk6iIAC3_PpA@12","15","sQziY4JZEeW93g4-ZzZ2VQ",3
"Yt0OUgjCEeWk6iIAC3_PpA@12","28","sqshfHVuEeWy9BLlActDnw",1
"Yt0OUgjCEeWk6iIAC3_PpA@12","10","Uw_iIXTEEeWdPxJ-h_8T7w",3
"Yt0OUgjCEeWk6iIAC3_PpA@12","26","9AVp6n1MEeWPJBI9QEQKiQ",1
"Yt0OUgjCEeWk6iIAC3_PpA@12","1","Dhtd5H0jEeWdPxJ-h_8T7w",1
"Yt0OUgjCEeWk6iIAC3_PpA@12","26","nQPlkGquEeWtPhJmZh_6JQ",1
"Yt0OUgjCEeWk6iIAC3_PpA@12","15","twbSnXIXEeWXygocDxikNQ",3
"Yt0OUgjCEeWk6iIAC3_PpA@12","27","ETN7xXNREeWb4g4qCdqdUQ",1
"Yt0OUgjCEeWk6iIAC3_PpA@12","4","u13vqGcjEeW4ng7YWNlcxQ",1
"Yt0OUgjCEeWk6iIAC3_PpA@12","7","8B3gXWq2EeWXygocDxikNQ",1
"Yt0OUgjCEeWk6iIAC3_PpA@12","7","PI5T4W93EeWqXg7D-Kwb-Q",1
"Yt0OUgjCEeWk6iIAC3_PpA@12","4","lcT_cYJTEeWwyg6oWwzVsw",1
"Yt0OUgjCEeWk6iIAC3_PpA@12","28","qPkCd4F7EeWe6Qot63L7mQ",1
"Yt0OUgjCEeWk6iIAC3_PpA@12","27","y_EHh3-aEeWBgBJ0MIzgQw",1
"Yt0OUgjCEeWk6iIAC3_PpA@12","15","6Omn3nWSEeWDzg4yGnIlTw",3
"Yt0OUgjCEeWk6iIAC3_PpA@12","26","kVg0PLmkEeWARArsHojuCw",0
"Yt0OUgjCEeWk6iIAC3_PpA@12","15","QtP2YHIiEeWb4g4qCdqdUQ",2
"Yt0OUgjCEeWk6iIAC3_PpA@12","26","Dhtd5H0jEeWdPxJ-h_8T7w",1
"Yt0OUgjCEeWk6iIAC3_PpA@12","28","yaLptWhEEeWC5xInmpgAVw",1
"Yt0OUgjCEeWk6iIAC3_PpA@12","20","1DinLHVkEeWpCwrPNVXTlw",3
"Yt0OUgjCEeWk6iIAC3_PpA@12","27","QtP2YHIiEeWb4g4qCdqdUQ",1
"Yt0OUgjCEeWk6iIAC3_PpA@12","4","sqshfHVuEeWy9BLlActDnw",1
"Yt0OUgjCEeWk6iIAC3_PpA@12","10","1DinLHVkEeWpCwrPNVXTlw",3
"Yt0OUgjCEeWk6iIAC3_PpA@12","1","9AVp6n1MEeWPJBI9QEQKiQ",1
"Yt0OUgjCEeWk6iIAC3_PpA@12","26","NmlGq2ZvEeW1ShIhri4C5Q",0
"Yt0OUgjCEeWk6iIAC3_PpA@12","28","QtP2YHIiEeWb4g4qCdqdUQ",1
"Yt0OUgjCEeWk6iIAC3_PpA@12","15","yaLptWhEEeWC5xInmpgAVw",3
"Yt0OUgjCEeWk6iIAC3_PpA@12","4","dre1WXInEeWgtQq7brjg6Q",1
"Yt0OUgjCEeWk6iIAC3_PpA@12","10","eGfj_G1vEeWy9BLlActDnw",3
"Yt0OUgjCEeWk6iIAC3_PpA@12","7","QtP2YHIiEeWb4g4qCdqdUQ",1
"Yt0OUgjCEeWk6iIAC3_PpA@12","1","NmlGq2ZvEeW1ShIhri4C5Q",0
"Yt0OUgjCEeWk6iIAC3_PpA@12","28","Uw_iIXTEEeWdPxJ-h_8T7w",1
"Yt0OUgjCEeWk6iIAC3_PpA@12","4","kVg0PLmkEeWARArsHojuCw",0
"Yt0OUgjCEeWk6iIAC3_PpA@12","20","a2iZA3O1EeWqXg7D-Kwb-Q",3
"Yt0OUgjCEeWk6iIAC3_PpA@12","7","9yrwsXWDEeWgtQq7brjg6Q",1
"Yt0OUgjCEeWk6iIAC3_PpA@12","15","sqshfHVuEeWy9BLlActDnw",3
"Yt0OUgjCEeWk6iIAC3_PpA@12","26","wpQdaW4lEeWGywq_F70CwQ",1
"Yt0OUgjCEeWk6iIAC3_PpA@12","28","c0kMunToEeWy9BLlActDnw",1
"Yt0OUgjCEeWk6iIAC3_PpA@12","7","9AVp6n1MEeWPJBI9QEQKiQ",1
"Yt0OUgjCEeWk6iIAC3_PpA@12","4","c0kMunToEeWy9BLlActDnw",1
"Yt0OUgjCEeWk6iIAC3_PpA@12","10","QtP2YHIiEeWb4g4qCdqdUQ",2
"Yt0OUgjCEeWk6iIAC3_PpA@12","4","yaLptWhEEeWC5xInmpgAVw",1
"Yt0OUgjCEeWk6iIAC3_PpA@12","28","H2-87XWoEeWtPhJmZh_6JQ",1
"Yt0OUgjCEeWk6iIAC3_PpA@12","27","u13vqGcjEeW4ng7YWNlcxQ",1
"Yt0OUgjCEeWk6iIAC3_PpA@12","1","QtP2YHIiEeWb4g4qCdqdUQ",1
"Yt0OUgjCEeWk6iIAC3_PpA@12","1","AQP4F2eaEeWRsgp-oDfn8w",1
"Yt0OUgjCEeWk6iIAC3_PpA@12","10","8B3gXWq2EeWXygocDxikNQ",3
"Yt0OUgjCEeWk6iIAC3_PpA@12","20","lcT_cYJTEeWwyg6oWwzVsw",3
"Yt0OUgjCEeWk6iIAC3_PpA@12","4","sCZkpGhLEeWn7w41YP_VgQ",1
"Yt0OUgjCEeWk6iIAC3_PpA@12","1","8B3gXWq2EeWXygocDxikNQ",1
"Yt0OUgjCEeWk6iIAC3_PpA@12","20","dre1WXInEeWgtQq7brjg6Q",3
"Yt0OUgjCEeWk6iIAC3_PpA@12","26","sqshfHVuEeWy9BLlActDnw",1
"Yt0OUgjCEeWk6iIAC3_PpA@12","27","Uw_iIXTEEeWdPxJ-h_8T7w",1
"Yt0OUgjCEeWk6iIAC3_PpA@12","15","hjJTWmeOEeWn7w41YP_VgQ",3
"Yt0OUgjCEeWk6iIAC3_PpA@12","7","AQP4F2eaEeWRsgp-oDfn8w",1
"Yt0OUgjCEeWk6iIAC3_PpA@12","28","sQziY4JZEeW93g4-ZzZ2VQ",1
"Yt0OUgjCEeWk6iIAC3_PpA@12","10","c0kMunToEeWy9BLlActDnw",3
"Yt0OUgjCEeWk6iIAC3_PpA@12","15","AQP4F2eaEeWRsgp-oDfn8w",3
"Yt0OUgjCEeWk6iIAC3_PpA@12","20","Uw_iIXTEEeWdPxJ-h_8T7w",3
"Yt0OUgjCEeWk6iIAC3_PpA@12","10","sqshfHVuEeWy9BLlActDnw",3
"Yt0OUgjCEeWk6iIAC3_PpA@12","15","H2-87XWoEeWtPhJmZh_6JQ",3
"Yt0OUgjCEeWk6iIAC3_PpA@12","15","8B3gXWq2EeWXygocDxikNQ",3
"Yt0OUgjCEeWk6iIAC3_PpA@12","1","6Omn3nWSEeWDzg4yGnIlTw",1
"Yt0OUgjCEeWk6iIAC3_PpA@12","20","u13vqGcjEeW4ng7YWNlcxQ",3
"Yt0OUgjCEeWk6iIAC3_PpA@12","15","a2iZA3O1EeWqXg7D-Kwb-Q",3
"Yt0OUgjCEeWk6iIAC3_PpA@12","26","WzYhvmsJEeWqXg7D-Kwb-Q",1
"Yt0OUgjCEeWk6iIAC3_PpA@12","27","lcT_cYJTEeWwyg6oWwzVsw",1
"Yt0OUgjCEeWk6iIAC3_PpA@12","20","hjJTWmeOEeWn7w41YP_VgQ",3
"Yt0OUgjCEeWk6iIAC3_PpA@12","4","WzYhvmsJEeWqXg7D-Kwb-Q",1
"Yt0OUgjCEeWk6iIAC3_PpA@12","4","H2-87XWoEeWtPhJmZh_6JQ",1
"Yt0OUgjCEeWk6iIAC3_PpA@12","27","1DinLHVkEeWpCwrPNVXTlw",1
"Yt0OUgjCEeWk6iIAC3_PpA@12","15","dre1WXInEeWgtQq7brjg6Q",3
"Yt0OUgjCEeWk6iIAC3_PpA@12","27","H2-87XWoEeWtPhJmZh_6JQ",1
"Yt0OUgjCEeWk6iIAC3_PpA@12","7","iq_8h2l0EeWXygocDxikNQ",1
"Yt0OUgjCEeWk6iIAC3_PpA@12","10","AQP4F2eaEeWRsgp-oDfn8w",3
"Yt0OUgjCEeWk6iIAC3_PpA@12","28","WzYhvmsJEeWqXg7D-Kwb-Q",1
"Yt0OUgjCEeWk6iIAC3_PpA@12","4","NmlGq2ZvEeW1ShIhri4C5Q",0
"Yt0OUgjCEeWk6iIAC3_PpA@12","28","nQPlkGquEeWtPhJmZh_6JQ",1
"Yt0OUgjCEeWk6iIAC3_PpA@12","20","ETN7xXNREeWb4g4qCdqdUQ",3
"Yt0OUgjCEeWk6iIAC3_PpA@12","15","eGfj_G1vEeWy9BLlActDnw",3
"Yt0OUgjCEeWk6iIAC3_PpA@12","28","kVg0PLmkEeWARArsHojuCw",0
"Yt0OUgjCEeWk6iIAC3_PpA@12","27","PI5T4W93EeWqXg7D-Kwb-Q",1
"Yt0OUgjCEeWk6iIAC3_PpA@12","28","dre1WXInEeWgtQq7brjg6Q",1
"Yt0OUgjCEeWk6iIAC3_PpA@12","7","u13vqGcjEeW4ng7YWNlcxQ",1
"Yt0OUgjCEeWk6iIAC3_PpA@12","27","sqshfHVuEeWy9BLlActDnw",1
"Yt0OUgjCEeWk6iIAC3_PpA@12","1","1DinLHVkEeWpCwrPNVXTlw",1
"Yt0OUgjCEeWk6iIAC3_PpA@12","10","ETN7xXNREeWb4g4qCdqdUQ",3
"Yt0OUgjCEeWk6iIAC3_PpA@12","20","H2-87XWoEeWtPhJmZh_6JQ",3
"Yt0OUgjCEeWk6iIAC3_PpA@12","4","9AVp6n1MEeWPJBI9QEQKiQ",1
"Yt0OUgjCEeWk6iIAC3_PpA@12","15","DzUHoXIoEeWDzg4yGnIlTw",3
"Yt0OUgjCEeWk6iIAC3_PpA@12","1","a2iZA3O1EeWqXg7D-Kwb-Q",1
"Yt0OUgjCEeWk6iIAC3_PpA@12","26","c0kMunToEeWy9BLlActDnw",1
"Yt0OUgjCEeWk6iIAC3_PpA@12","1","ETN7xXNREeWb4g4qCdqdUQ",1
"Yt0OUgjCEeWk6iIAC3_PpA@12","20","sQziY4JZEeW93g4-ZzZ2VQ",3
"Yt0OUgjCEeWk6iIAC3_PpA@12","27","c0kMunToEeWy9BLlActDnw",1
"Yt0OUgjCEeWk6iIAC3_PpA@12","7","sCZkpGhLEeWn7w41YP_VgQ",1
"Yt0OUgjCEeWk6iIAC3_PpA@12","27","cG_x4oB9EeWe6Qot63L7mQ",1
"Yt0OUgjCEeWk6iIAC3_PpA@12","4","1DinLHVkEeWpCwrPNVXTlw",1
"Yt0OUgjCEeWk6iIAC3_PpA@12","20","sqshfHVuEeWy9BLlActDnw",3
"Yt0OUgjCEeWk6iIAC3_PpA@12","1","sCZkpGhLEeWn7w41YP_VgQ",1
"Yt0OUgjCEeWk6iIAC3_PpA@12","7","c0kMunToEeWy9BLlActDnw",1
"Yt0OUgjCEeWk6iIAC3_PpA@12","27","iq_8h2l0EeWXygocDxikNQ",1
"Yt0OUgjCEeWk6iIAC3_PpA@12","4","ETN7xXNREeWb4g4qCdqdUQ",1
"Yt0OUgjCEeWk6iIAC3_PpA@12","28","wpQdaW4lEeWGywq_F70CwQ",1
"Yt0OUgjCEeWk6iIAC3_PpA@12","1","lcT_cYJTEeWwyg6oWwzVsw",1
"Yt0OUgjCEeWk6iIAC3_PpA@12","10","sQziY4JZEeW93g4-ZzZ2VQ",3
"Yt0OUgjCEeWk6iIAC3_PpA@12","10","6Omn3nWSEeWDzg4yGnIlTw",3
"Yt0OUgjCEeWk6iIAC3_PpA@12","28","sCZkpGhLEeWn7w41YP_VgQ",1
"Yt0OUgjCEeWk6iIAC3_PpA@12","1","y_EHh3-aEeWBgBJ0MIzgQw",1
"Yt0OUgjCEeWk6iIAC3_PpA@12","7","twbSnXIXEeWXygocDxikNQ",1
"Yt0OUgjCEeWk6iIAC3_PpA@12","4","9yrwsXWDEeWgtQq7brjg6Q",1
"Yt0OUgjCEeWk6iIAC3_PpA@12","4","Uw_iIXTEEeWdPxJ-h_8T7w",1
"Yt0OUgjCEeWk6iIAC3_PpA@12","20","eGfj_G1vEeWy9BLlActDnw",3
"Yt0OUgjCEeWk6iIAC3_PpA@12","20","y_EHh3-aEeWBgBJ0MIzgQw",3
"Yt0OUgjCEeWk6iIAC3_PpA@12","15","wpQdaW4lEeWGywq_F70CwQ",3
"Yt0OUgjCEeWk6iIAC3_PpA@12","28","u13vqGcjEeW4ng7YWNlcxQ",1
"Yt0OUgjCEeWk6iIAC3_PpA@12","1","Uw_iIXTEEeWdPxJ-h_8T7w",1
"Yt0OUgjCEeWk6iIAC3_PpA@12","28","mXpi1X0YEeWqXg7D-Kwb-Q",1
"Yt0OUgjCEeWk6iIAC3_PpA@12","20","9yrwsXWDEeWgtQq7brjg6Q",3
"Yt0OUgjCEeWk6iIAC3_PpA@12","10","y_EHh3-aEeWBgBJ0MIzgQw",3
"Yt0OUgjCEeWk6iIAC3_PpA@12","7","mXpi1X0YEeWqXg7D-Kwb-Q",1
"Yt0OUgjCEeWk6iIAC3_PpA@12","1","sQziY4JZEeW93g4-ZzZ2VQ",1
"Yt0OUgjCEeWk6iIAC3_PpA@12","15","Uw_iIXTEEeWdPxJ-h_8T7w",3
"Yt0OUgjCEeWk6iIAC3_PpA@12","7","yaLptWhEEeWC5xInmpgAVw",1
"Yt0OUgjCEeWk6iIAC3_PpA@12","7","sqshfHVuEeWy9BLlActDnw",1
"Yt0OUgjCEeWk6iIAC3_PpA@12","10","nQPlkGquEeWtPhJmZh_6JQ",3
"Yt0OUgjCEeWk6iIAC3_PpA@12","28","y_EHh3-aEeWBgBJ0MIzgQw",1
"Yt0OUgjCEeWk6iIAC3_PpA@12","4","DzUHoXIoEeWDzg4yGnIlTw",1
"Yt0OUgjCEeWk6iIAC3_PpA@12","10","DzUHoXIoEeWDzg4yGnIlTw",3
"Yt0OUgjCEeWk6iIAC3_PpA@12","4","qPkCd4F7EeWe6Qot63L7mQ",1
"Yt0OUgjCEeWk6iIAC3_PpA@12","7","uf21v2ceEeWfZAo8m5pcCw",1
"Yt0OUgjCEeWk6iIAC3_PpA@12","1","u13vqGcjEeW4ng7YWNlcxQ",1
"Yt0OUgjCEeWk6iIAC3_PpA@12","26","sQziY4JZEeW93g4-ZzZ2VQ",1
"Yt0OUgjCEeWk6iIAC3_PpA@12","20","mXpi1X0YEeWqXg7D-Kwb-Q",3
"Yt0OUgjCEeWk6iIAC3_PpA@12","27","qPkCd4F7EeWe6Qot63L7mQ",1
"Yt0OUgjCEeWk6iIAC3_PpA@12","4","wpQdaW4lEeWGywq_F70CwQ",1
"Yt0OUgjCEeWk6iIAC3_PpA@12","15","PI5T4W93EeWqXg7D-Kwb-Q",3
"Yt0OUgjCEeWk6iIAC3_PpA@12","28","hjJTWmeOEeWn7w41YP_VgQ",1
"Yt0OUgjCEeWk6iIAC3_PpA@12","4","QtP2YHIiEeWb4g4qCdqdUQ",1
"Yt0OUgjCEeWk6iIAC3_PpA@12","1","9yrwsXWDEeWgtQq7brjg6Q",1
"Yt0OUgjCEeWk6iIAC3_PpA@12","1","sqshfHVuEeWy9BLlActDnw",1
"Yt0OUgjCEeWk6iIAC3_PpA@12","28","iq_8h2l0EeWXygocDxikNQ",1
"Yt0OUgjCEeWk6iIAC3_PpA@12","15","kVg0PLmkEeWARArsHojuCw",0
"Yt0OUgjCEeWk6iIAC3_PpA@12","26","Uw_iIXTEEeWdPxJ-h_8T7w",1
"Yt0OUgjCEeWk6iIAC3_PpA@12","27","uf21v2ceEeWfZAo8m5pcCw",1
"Yt0OUgjCEeWk6iIAC3_PpA@12","4","8B3gXWq2EeWXygocDxikNQ",1
"Yt0OUgjCEeWk6iIAC3_PpA@12","10","yaLptWhEEeWC5xInmpgAVw",3
"Yt0OUgjCEeWk6iIAC3_PpA@12","4","twbSnXIXEeWXygocDxikNQ",1
"Yt0OUgjCEeWk6iIAC3_PpA@12","4","nQPlkGquEeWtPhJmZh_6JQ",1
"Yt0OUgjCEeWk6iIAC3_PpA@12","7","ETN7xXNREeWb4g4qCdqdUQ",1
"Yt0OUgjCEeWk6iIAC3_PpA@12","7","kVg0PLmkEeWARArsHojuCw",0
"Yt0OUgjCEeWk6iIAC3_PpA@12","15","qPkCd4F7EeWe6Qot63L7mQ",3
"Yt0OUgjCEeWk6iIAC3_PpA@12","1","DzUHoXIoEeWDzg4yGnIlTw",1
"Yt0OUgjCEeWk6iIAC3_PpA@12","10","H2-87XWoEeWtPhJmZh_6JQ",3
"Yt0OUgjCEeWk6iIAC3_PpA@12","1","PI5T4W93EeWqXg7D-Kwb-Q",1
"Yt0OUgjCEeWk6iIAC3_PpA@12","1","WzYhvmsJEeWqXg7D-Kwb-Q",1
"Yt0OUgjCEeWk6iIAC3_PpA@12","15","lcT_cYJTEeWwyg6oWwzVsw",3
"Yt0OUgjCEeWk6iIAC3_PpA@12","7","y_EHh3-aEeWBgBJ0MIzgQw",1
"Yt0OUgjCEeWk6iIAC3_PpA@12","15","WzYhvmsJEeWqXg7D-Kwb-Q",3
"Yt0OUgjCEeWk6iIAC3_PpA@12","4","Dhtd5H0jEeWdPxJ-h_8T7w",1
"Yt0OUgjCEeWk6iIAC3_PpA@12","10","WzYhvmsJEeWqXg7D-Kwb-Q",3
"Yt0OUgjCEeWk6iIAC3_PpA@12","7","dre1WXInEeWgtQq7brjg6Q",1
"Yt0OUgjCEeWk6iIAC3_PpA@12","20","AQP4F2eaEeWRsgp-oDfn8w",3
"Yt0OUgjCEeWk6iIAC3_PpA@12","15","uf21v2ceEeWfZAo8m5pcCw",3
"Yt0OUgjCEeWk6iIAC3_PpA@12","20","WzYhvmsJEeWqXg7D-Kwb-Q",3
"Yt0OUgjCEeWk6iIAC3_PpA@12","27","DzUHoXIoEeWDzg4yGnIlTw",1
"Yt0OUgjCEeWk6iIAC3_PpA@12","20","kVg0PLmkEeWARArsHojuCw",0
"Yt0OUgjCEeWk6iIAC3_PpA@12","27","NmlGq2ZvEeW1ShIhri4C5Q",0
"Yt0OUgjCEeWk6iIAC3_PpA@12","1","H2-87XWoEeWtPhJmZh_6JQ",1
"Yt0OUgjCEeWk6iIAC3_PpA@12","28","1DinLHVkEeWpCwrPNVXTlw",1
"Yt0OUgjCEeWk6iIAC3_PpA@12","26","DzUHoXIoEeWDzg4yGnIlTw",1
"Yt0OUgjCEeWk6iIAC3_PpA@12","1","hjJTWmeOEeWn7w41YP_VgQ",1
"Yt0OUgjCEeWk6iIAC3_PpA@12","7","1DinLHVkEeWpCwrPNVXTlw",1
"Yt0OUgjCEeWk6iIAC3_PpA@12","15","9yrwsXWDEeWgtQq7brjg6Q",3
"Yt0OUgjCEeWk6iIAC3_PpA@12","1","uf21v2ceEeWfZAo8m5pcCw",1
"Yt0OUgjCEeWk6iIAC3_PpA@12","28","9yrwsXWDEeWgtQq7brjg6Q",1
"Yt0OUgjCEeWk6iIAC3_PpA@12","20","iq_8h2l0EeWXygocDxikNQ",3
"Yt0OUgjCEeWk6iIAC3_PpA@12","1","iq_8h2l0EeWXygocDxikNQ",1
"Yt0OUgjCEeWk6iIAC3_PpA@12","15","1DinLHVkEeWpCwrPNVXTlw",3
"Yt0OUgjCEeWk6iIAC3_PpA@12","4","uf21v2ceEeWfZAo8m5pcCw",1
"Yt0OUgjCEeWk6iIAC3_PpA@12","26","uf21v2ceEeWfZAo8m5pcCw",1
"Yt0OUgjCEeWk6iIAC3_PpA@12","1","nQPlkGquEeWtPhJmZh_6JQ",1
"Yt0OUgjCEeWk6iIAC3_PpA@12","7","lcT_cYJTEeWwyg6oWwzVsw",1
"Yt0OUgjCEeWk6iIAC3_PpA@12","4","eGfj_G1vEeWy9BLlActDnw",1
"Yt0OUgjCEeWk6iIAC3_PpA@12","27","WzYhvmsJEeWqXg7D-Kwb-Q",1
"Yt0OUgjCEeWk6iIAC3_PpA@12","28","cG_x4oB9EeWe6Qot63L7mQ",1
"Yt0OUgjCEeWk6iIAC3_PpA@12","26","a2iZA3O1EeWqXg7D-Kwb-Q",1
"Yt0OUgjCEeWk6iIAC3_PpA@12","27","mXpi1X0YEeWqXg7D-Kwb-Q",1
"Yt0OUgjCEeWk6iIAC3_PpA@12","10","Dhtd5H0jEeWdPxJ-h_8T7w",3
"Yt0OUgjCEeWk6iIAC3_PpA@12","10","wpQdaW4lEeWGywq_F70CwQ",3
"Yt0OUgjCEeWk6iIAC3_PpA@12","1","yaLptWhEEeWC5xInmpgAVw",1
"Yt0OUgjCEeWk6iIAC3_PpA@12","20","twbSnXIXEeWXygocDxikNQ",3
"Yt0OUgjCEeWk6iIAC3_PpA@12","15","9AVp6n1MEeWPJBI9QEQKiQ",3
"Yt0OUgjCEeWk6iIAC3_PpA@12","20","yaLptWhEEeWC5xInmpgAVw",3
"Yt0OUgjCEeWk6iIAC3_PpA@12","7","DzUHoXIoEeWDzg4yGnIlTw",1
"Yt0OUgjCEeWk6iIAC3_PpA@12","7","Dhtd5H0jEeWdPxJ-h_8T7w",1
"Yt0OUgjCEeWk6iIAC3_PpA@12","28","AQP4F2eaEeWRsgp-oDfn8w",1
"Yt0OUgjCEeWk6iIAC3_PpA@12","27","twbSnXIXEeWXygocDxikNQ",1
"Yt0OUgjCEeWk6iIAC3_PpA@12","1","wpQdaW4lEeWGywq_F70CwQ",1
"Yt0OUgjCEeWk6iIAC3_PpA@12","7","a2iZA3O1EeWqXg7D-Kwb-Q",1
"Yt0OUgjCEeWk6iIAC3_PpA@12","10","sCZkpGhLEeWn7w41YP_VgQ",3
"Yt0OUgjCEeWk6iIAC3_PpA@12","26","8B3gXWq2EeWXygocDxikNQ",1
"Yt0OUgjCEeWk6iIAC3_PpA@12","4","6Omn3nWSEeWDzg4yGnIlTw",1
"Yt0OUgjCEeWk6iIAC3_PpA@12","26","dre1WXInEeWgtQq7brjg6Q",1
"Yt0OUgjCEeWk6iIAC3_PpA@12","15","c0kMunToEeWy9BLlActDnw",3
"Yt0OUgjCEeWk6iIAC3_PpA@12","28","lcT_cYJTEeWwyg6oWwzVsw",1
"Yt0OUgjCEeWk6iIAC3_PpA@12","15","iq_8h2l0EeWXygocDxikNQ",3
"Yt0OUgjCEeWk6iIAC3_PpA@12","27","dre1WXInEeWgtQq7brjg6Q",1
"Yt0OUgjCEeWk6iIAC3_PpA@12","28","uf21v2ceEeWfZAo8m5pcCw",1
"Yt0OUgjCEeWk6iIAC3_PpA@12","4","mXpi1X0YEeWqXg7D-Kwb-Q",1
"Yt0OUgjCEeWk6iIAC3_PpA@12","26","1DinLHVkEeWpCwrPNVXTlw",1
"Yt0OUgjCEeWk6iIAC3_PpA@12","10","uf21v2ceEeWfZAo8m5pcCw",3
"Yt0OUgjCEeWk6iIAC3_PpA@12","27","kVg0PLmkEeWARArsHojuCw",0
"Yt0OUgjCEeWk6iIAC3_PpA@12","28","ETN7xXNREeWb4g4qCdqdUQ",1
"Yt0OUgjCEeWk6iIAC3_PpA@12","7","wpQdaW4lEeWGywq_F70CwQ",1
"Yt0OUgjCEeWk6iIAC3_PpA@12","1","myLfn31EEeWGywq_F70CwQ",1
"Yt0OUgjCEeWk6iIAC3_PpA@12","20","PI5T4W93EeWqXg7D-Kwb-Q",3
"Yt0OUgjCEeWk6iIAC3_PpA@12","4","a2iZA3O1EeWqXg7D-Kwb-Q",1
"Yt0OUgjCEeWk6iIAC3_PpA@12","26","myLfn31EEeWGywq_F70CwQ",1
"Yt0OUgjCEeWk6iIAC3_PpA@12","10","lcT_cYJTEeWwyg6oWwzVsw",3
"Yt0OUgjCEeWk6iIAC3_PpA@12","15","myLfn31EEeWGywq_F70CwQ",3
"Yt0OUgjCEeWk6iIAC3_PpA@12","27","9yrwsXWDEeWgtQq7brjg6Q",1
"Yt0OUgjCEeWk6iIAC3_PpA@12","1","mXpi1X0YEeWqXg7D-Kwb-Q",1
"Yt0OUgjCEeWk6iIAC3_PpA@12","10","a2iZA3O1EeWqXg7D-Kwb-Q",3
"Yt0OUgjCEeWk6iIAC3_PpA@12","7","sQziY4JZEeW93g4-ZzZ2VQ",1
"Yt0OUgjCEeWk6iIAC3_PpA@12","28","eGfj_G1vEeWy9BLlActDnw",1
"Yt0OUgjCEeWk6iIAC3_PpA@12","26","yaLptWhEEeWC5xInmpgAVw",1
"Yt0OUgjCEeWk6iIAC3_PpA@12","27","9AVp6n1MEeWPJBI9QEQKiQ",1
"Yt0OUgjCEeWk6iIAC3_PpA@12","10","kVg0PLmkEeWARArsHojuCw",0
"Yt0OUgjCEeWk6iIAC3_PpA@12","27","sCZkpGhLEeWn7w41YP_VgQ",1
"Yt0OUgjCEeWk6iIAC3_PpA@12","26","mXpi1X0YEeWqXg7D-Kwb-Q",1
"Yt0OUgjCEeWk6iIAC3_PpA@12","20","uf21v2ceEeWfZAo8m5pcCw",3
"Yt0OUgjCEeWk6iIAC3_PpA@12","20","nQPlkGquEeWtPhJmZh_6JQ",3
"Yt0OUgjCEeWk6iIAC3_PpA@12","26","PI5T4W93EeWqXg7D-Kwb-Q",1
"Yt0OUgjCEeWk6iIAC3_PpA@12","15","Dhtd5H0jEeWdPxJ-h_8T7w",3
"Yt0OUgjCEeWk6iIAC3_PpA@12","1","cG_x4oB9EeWe6Qot63L7mQ",1
"Yt0OUgjCEeWk6iIAC3_PpA@12","10","PI5T4W93EeWqXg7D-Kwb-Q",3
"Yt0OUgjCEeWk6iIAC3_PpA@12","26","hjJTWmeOEeWn7w41YP_VgQ",1
"Yt0OUgjCEeWk6iIAC3_PpA@12","10","iq_8h2l0EeWXygocDxikNQ",3
"Yt0OUgjCEeWk6iIAC3_PpA@12","15","nQPlkGquEeWtPhJmZh_6JQ",3
"Yt0OUgjCEeWk6iIAC3_PpA@12","1","dre1WXInEeWgtQq7brjg6Q",1
"Yt0OUgjCEeWk6iIAC3_PpA@12","26","iq_8h2l0EeWXygocDxikNQ",1
"Yt0OUgjCEeWk6iIAC3_PpA@12","28","6Omn3nWSEeWDzg4yGnIlTw",1
"Yt0OUgjCEeWk6iIAC3_PpA@12","26","QtP2YHIiEeWb4g4qCdqdUQ",1
"Yt0OUgjCEeWk6iIAC3_PpA@12","20","QtP2YHIiEeWb4g4qCdqdUQ",2
"Yt0OUgjCEeWk6iIAC3_PpA@12","7","WzYhvmsJEeWqXg7D-Kwb-Q",1
"Yt0OUgjCEeWk6iIAC3_PpA@12","27","nQPlkGquEeWtPhJmZh_6JQ",1
"Yt0OUgjCEeWk6iIAC3_PpA@12","7","nQPlkGquEeWtPhJmZh_6JQ",1
"Yt0OUgjCEeWk6iIAC3_PpA@12","4","hjJTWmeOEeWn7w41YP_VgQ",1
"Yt0OUgjCEeWk6iIAC3_PpA@12","28","myLfn31EEeWGywq_F70CwQ",1
"Yt0OUgjCEeWk6iIAC3_PpA@12","26","twbSnXIXEeWXygocDxikNQ",1
"Yt0OUgjCEeWk6iIAC3_PpA@12","1","qPkCd4F7EeWe6Qot63L7mQ",1
"Yt0OUgjCEeWk6iIAC3_PpA@12","20","NmlGq2ZvEeW1ShIhri4C5Q",0
"Yt0OUgjCEeWk6iIAC3_PpA@12","15","y_EHh3-aEeWBgBJ0MIzgQw",3
"Yt0OUgjCEeWk6iIAC3_PpA@12","20","DzUHoXIoEeWDzg4yGnIlTw",3
"Yt0OUgjCEeWk6iIAC3_PpA@12","20","6Omn3nWSEeWDzg4yGnIlTw",3
"Yt0OUgjCEeWk6iIAC3_PpA@12","28","PI5T4W93EeWqXg7D-Kwb-Q",1
"Yt0OUgjCEeWk6iIAC3_PpA@12","1","c0kMunToEeWy9BLlActDnw",1
"Yt0OUgjCEeWk6iIAC3_PpA@12","4","PI5T4W93EeWqXg7D-Kwb-Q",1
"Yt0OUgjCEeWk6iIAC3_PpA@12","26","AQP4F2eaEeWRsgp-oDfn8w",1
"Yt0OUgjCEeWk6iIAC3_PpA@12","15","sCZkpGhLEeWn7w41YP_VgQ",3
"Yt0OUgjCEeWk6iIAC3_PpA@12","27","8B3gXWq2EeWXygocDxikNQ",1
"Yt0OUgjCEeWk6iIAC3_PpA@12","7","myLfn31EEeWGywq_F70CwQ",1
"Yt0OUgjCEeWk6iIAC3_PpA@12","20","wpQdaW4lEeWGywq_F70CwQ",3
"Yt0OUgjCEeWk6iIAC3_PpA@12","28","DzUHoXIoEeWDzg4yGnIlTw",1
"Yt0OUgjCEeWk6iIAC3_PpA@12","20","qPkCd4F7EeWe6Qot63L7mQ",3
"Yt0OUgjCEeWk6iIAC3_PpA@12","26","6Omn3nWSEeWDzg4yGnIlTw",1
"Yt0OUgjCEeWk6iIAC3_PpA@12","27","myLfn31EEeWGywq_F70CwQ",1
"Yt0OUgjCEeWk6iIAC3_PpA@12","1","twbSnXIXEeWXygocDxikNQ",1
"Yt0OUgjCEeWk6iIAC3_PpA@12","4","sQziY4JZEeW93g4-ZzZ2VQ",1
"Yt0OUgjCEeWk6iIAC3_PpA@12","4","myLfn31EEeWGywq_F70CwQ",1
"Yt0OUgjCEeWk6iIAC3_PpA@12","10","u13vqGcjEeW4ng7YWNlcxQ",3
"Yt0OUgjCEeWk6iIAC3_PpA@12","27","yaLptWhEEeWC5xInmpgAVw",1
"Yt0OUgjCEeWk6iIAC3_PpA@12","26","ETN7xXNREeWb4g4qCdqdUQ",1
"Yt0OUgjCEeWk6iIAC3_PpA@12","28","NmlGq2ZvEeW1ShIhri4C5Q",0
"Yt0OUgjCEeWk6iIAC3_PpA@12","28","9AVp6n1MEeWPJBI9QEQKiQ",1
"Yt0OUgjCEeWk6iIAC3_PpA@12","27","hjJTWmeOEeWn7w41YP_VgQ",1
"Yt0OUgjCEeWk6iIAC3_PpA@12","28","twbSnXIXEeWXygocDxikNQ",1
"Yt0OUgjCEeWk6iIAC3_PpA@12","20","sCZkpGhLEeWn7w41YP_VgQ",3
"Yt0OUgjCEeWk6iIAC3_PpA@12","10","cG_x4oB9EeWe6Qot63L7mQ",3
"Yt0OUgjCEeWk6iIAC3_PpA@12","1","kVg0PLmkEeWARArsHojuCw",0
"Yt0OUgjCEeWk6iIAC3_PpA@12","7","Uw_iIXTEEeWdPxJ-h_8T7w",1
"Yt0OUgjCEeWk6iIAC3_PpA@12","26","cG_x4oB9EeWe6Qot63L7mQ",1
"Yt0OUgjCEeWk6iIAC3_PpA@12","15","cG_x4oB9EeWe6Qot63L7mQ",3
"Yt0OUgjCEeWk6iIAC3_PpA@12","26","u13vqGcjEeW4ng7YWNlcxQ",1
"Yt0OUgjCEeWk6iIAC3_PpA@12","27","6Omn3nWSEeWDzg4yGnIlTw",1
"Yt0OUgjCEeWk6iIAC3_PpA@12","28","a2iZA3O1EeWqXg7D-Kwb-Q",1
"Yt0OUgjCEeWk6iIAC3_PpA@12","20","8B3gXWq2EeWXygocDxikNQ",3
"lPnnmgiwEeWCQyIAC5XEog@10","19","ydbgY2c4EeW4ng7YWNlcxQ",2
"lPnnmgiwEeWCQyIAC5XEog@10","42","B7OScH4VEeWv4xJApgpHZw",2
"lPnnmgiwEeWCQyIAC5XEog@10","45","b7iyZnVlEeWb4g4qCdqdUQ",1
"lPnnmgiwEeWCQyIAC5XEog@10","15","s63rN29ZEeWb4g4qCdqdUQ",1
"lPnnmgiwEeWCQyIAC5XEog@10","2","n4LVomZwEeWEHBK0qnR5nQ",1
"lPnnmgiwEeWCQyIAC5XEog@10","19","j-0wLIJXEeWOJwp8z3qGpQ",2
"lPnnmgiwEeWCQyIAC5XEog@10","41","1kkcRW8VEeWWpw7gge8ZbQ",1
"lPnnmgiwEeWCQyIAC5XEog@10","19","GxKAK2_hEeWPJBI9QEQKiQ",2
"lPnnmgiwEeWCQyIAC5XEog@10","3","miU9s2l1EeWgtQq7brjg6Q",1
"lPnnmgiwEeWCQyIAC5XEog@10","7","n4LVomZwEeWEHBK0qnR5nQ",2
"lPnnmgiwEeWCQyIAC5XEog@10","19","veu9nnW9EeWtPhJmZh_6JQ",2
"lPnnmgiwEeWCQyIAC5XEog@10","41","DRRSDWykEeWqXg7D-Kwb-Q",1
"lPnnmgiwEeWCQyIAC5XEog@10","1","BKnCuX1TEeWDzg4yGnIlTw",1
"lPnnmgiwEeWCQyIAC5XEog@10","38","hLzqJmgAEeW4MQo4aS2dkw",2
"lPnnmgiwEeWCQyIAC5XEog@10","2","veu9nnW9EeWtPhJmZh_6JQ",1
"lPnnmgiwEeWCQyIAC5XEog@10","46","OLX2NXcMEeWDzg4yGnIlTw",2
"lPnnmgiwEeWCQyIAC5XEog@10","46","KW2if24uEeWWpw7gge8ZbQ",2
"lPnnmgiwEeWCQyIAC5XEog@10","1","ydbgY2c4EeW4ng7YWNlcxQ",1
"lPnnmgiwEeWCQyIAC5XEog@10","42","hLzqJmgAEeW4MQo4aS2dkw",2
"lPnnmgiwEeWCQyIAC5XEog@10","3","hLzqJmgAEeW4MQo4aS2dkw",1
"lPnnmgiwEeWCQyIAC5XEog@10","3","ydbgY2c4EeW4ng7YWNlcxQ",1
"lPnnmgiwEeWCQyIAC5XEog@10","34","4kdPwW0AEeWqXg7D-Kwb-Q",2
"lPnnmgiwEeWCQyIAC5XEog@10","41","b7iyZnVlEeWb4g4qCdqdUQ",1
"lPnnmgiwEeWCQyIAC5XEog@10","7","jBuUdYJFEeW_TQrOC1clnQ",2
"lPnnmgiwEeWCQyIAC5XEog@10","3","b7iyZnVlEeWb4g4qCdqdUQ",1
"lPnnmgiwEeWCQyIAC5XEog@10","3","S5DSC4KYEeWZCxLh4264pw",1
"lPnnmgiwEeWCQyIAC5XEog@10","11","sgUsK4F4EeWFDQ4Rhv_F_Q",2
"lPnnmgiwEeWCQyIAC5XEog@10","27","ck_kHYB3EeWXKRJ71r2fxw",1
"lPnnmgiwEeWCQyIAC5XEog@10","45","veu9nnW9EeWtPhJmZh_6JQ",1
"lPnnmgiwEeWCQyIAC5XEog@10","4","OLX2NXcMEeWDzg4yGnIlTw",1
"lPnnmgiwEeWCQyIAC5XEog@10","38","b7iyZnVlEeWb4g4qCdqdUQ",2
"lPnnmgiwEeWCQyIAC5XEog@10","45","S5DSC4KYEeWZCxLh4264pw",1
"lPnnmgiwEeWCQyIAC5XEog@10","49","tu252WzIEeWb4g4qCdqdUQ",1
"lPnnmgiwEeWCQyIAC5XEog@10","3","ck_kHYB3EeWXKRJ71r2fxw",1
"lPnnmgiwEeWCQyIAC5XEog@10","7","miU9s2l1EeWgtQq7brjg6Q",2
"lPnnmgiwEeWCQyIAC5XEog@10","1","DRRSDWykEeWqXg7D-Kwb-Q",1
"lPnnmgiwEeWCQyIAC5XEog@10","23","S5DSC4KYEeWZCxLh4264pw",2
"lPnnmgiwEeWCQyIAC5XEog@10","49","GxKAK2_hEeWPJBI9QEQKiQ",1
"lPnnmgiwEeWCQyIAC5XEog@10","3","4kdPwW0AEeWqXg7D-Kwb-Q",1
"lPnnmgiwEeWCQyIAC5XEog@10","2","-QosbGqwEeWXygocDxikNQ",1
"lPnnmgiwEeWCQyIAC5XEog@10","23","miU9s2l1EeWgtQq7brjg6Q",2
"lPnnmgiwEeWCQyIAC5XEog@10","11","a45dzmdDEeW_BRK9nue8nw",2
"lPnnmgiwEeWCQyIAC5XEog@10","45","DRRSDWykEeWqXg7D-Kwb-Q",1
"lPnnmgiwEeWCQyIAC5XEog@10","15","pI32XGhEEeWWZw7H3umBFQ",1
"lPnnmgiwEeWCQyIAC5XEog@10","27","BKnCuX1TEeWDzg4yGnIlTw",1
"lPnnmgiwEeWCQyIAC5XEog@10","41","miU9s2l1EeWgtQq7brjg6Q",1
"lPnnmgiwEeWCQyIAC5XEog@10","15","1kkcRW8VEeWWpw7gge8ZbQ",1
"lPnnmgiwEeWCQyIAC5XEog@10","1","ZP8C6XIdEeWgtQq7brjg6Q",1
"lPnnmgiwEeWCQyIAC5XEog@10","3","n4LVomZwEeWEHBK0qnR5nQ",1
"lPnnmgiwEeWCQyIAC5XEog@10","34","a45dzmdDEeW_BRK9nue8nw",2
"lPnnmgiwEeWCQyIAC5XEog@10","11","PfxwDH1EEeWtPhJmZh_6JQ",2
"lPnnmgiwEeWCQyIAC5XEog@10","1","0FIQC3fQEeWgtQq7brjg6Q",1
"lPnnmgiwEeWCQyIAC5XEog@10","46","XrqJY2ndEeWWpw7gge8ZbQ",2
"lPnnmgiwEeWCQyIAC5XEog@10","42","j-0wLIJXEeWOJwp8z3qGpQ",2
"lPnnmgiwEeWCQyIAC5XEog@10","38","OLX2NXcMEeWDzg4yGnIlTw",2
"lPnnmgiwEeWCQyIAC5XEog@10","49","b7iyZnVlEeWb4g4qCdqdUQ",1
"lPnnmgiwEeWCQyIAC5XEog@10","49","ydbgY2c4EeW4ng7YWNlcxQ",1
"lPnnmgiwEeWCQyIAC5XEog@10","19","a45dzmdDEeW_BRK9nue8nw",2
"lPnnmgiwEeWCQyIAC5XEog@10","46","sgUsK4F4EeWFDQ4Rhv_F_Q",2
"lPnnmgiwEeWCQyIAC5XEog@10","2","59DMln1-EeWb4g4qCdqdUQ",1
"lPnnmgiwEeWCQyIAC5XEog@10","38","I9YTXnVKEeWqXg7D-Kwb-Q",2
"lPnnmgiwEeWCQyIAC5XEog@10","7","pI32XGhEEeWWZw7H3umBFQ",2
"lPnnmgiwEeWCQyIAC5XEog@10","4","ZP8C6XIdEeWgtQq7brjg6Q",1
"lPnnmgiwEeWCQyIAC5XEog@10","23","9PUIoGzzEeWXygocDxikNQ",2
"lPnnmgiwEeWCQyIAC5XEog@10","42","59DMln1-EeWb4g4qCdqdUQ",2
"lPnnmgiwEeWCQyIAC5XEog@10","46","F6XQkWyjEeWtPhJmZh_6JQ",2
"lPnnmgiwEeWCQyIAC5XEog@10","49","1kkcRW8VEeWWpw7gge8ZbQ",1
"lPnnmgiwEeWCQyIAC5XEog@10","4","KW2if24uEeWWpw7gge8ZbQ",1
"lPnnmgiwEeWCQyIAC5XEog@10","27","I9YTXnVKEeWqXg7D-Kwb-Q",1
"lPnnmgiwEeWCQyIAC5XEog@10","49","9PUIoGzzEeWXygocDxikNQ",1
"lPnnmgiwEeWCQyIAC5XEog@10","23","tu252WzIEeWb4g4qCdqdUQ",2
"lPnnmgiwEeWCQyIAC5XEog@10","11","4kdPwW0AEeWqXg7D-Kwb-Q",2
"lPnnmgiwEeWCQyIAC5XEog@10","42","a45dzmdDEeW_BRK9nue8nw",2
"lPnnmgiwEeWCQyIAC5XEog@10","46","JQ4TKW0YEeWpCwrPNVXTlw",2
"lPnnmgiwEeWCQyIAC5XEog@10","15","a45dzmdDEeW_BRK9nue8nw",1
"lPnnmgiwEeWCQyIAC5XEog@10","7","XrqJY2ndEeWWpw7gge8ZbQ",2
"lPnnmgiwEeWCQyIAC5XEog@10","19","59DMln1-EeWb4g4qCdqdUQ",2
"lPnnmgiwEeWCQyIAC5XEog@10","34","S5DSC4KYEeWZCxLh4264pw",2
"lPnnmgiwEeWCQyIAC5XEog@10","2","hLzqJmgAEeW4MQo4aS2dkw",1
"lPnnmgiwEeWCQyIAC5XEog@10","45","BKnCuX1TEeWDzg4yGnIlTw",1
"lPnnmgiwEeWCQyIAC5XEog@10","27","jBuUdYJFEeW_TQrOC1clnQ",1
"lPnnmgiwEeWCQyIAC5XEog@10","38","jBuUdYJFEeW_TQrOC1clnQ",2
"lPnnmgiwEeWCQyIAC5XEog@10","27","F6XQkWyjEeWtPhJmZh_6JQ",1
"lPnnmgiwEeWCQyIAC5XEog@10","27","s63rN29ZEeWb4g4qCdqdUQ",1
"lPnnmgiwEeWCQyIAC5XEog@10","46","0HhMK3WgEeWDzg4yGnIlTw",2
"lPnnmgiwEeWCQyIAC5XEog@10","3","veu9nnW9EeWtPhJmZh_6JQ",1
"lPnnmgiwEeWCQyIAC5XEog@10","1","XrqJY2ndEeWWpw7gge8ZbQ",1
"lPnnmgiwEeWCQyIAC5XEog@10","7","PfxwDH1EEeWtPhJmZh_6JQ",2
"lPnnmgiwEeWCQyIAC5XEog@10","27","pI32XGhEEeWWZw7H3umBFQ",1
"lPnnmgiwEeWCQyIAC5XEog@10","1","59DMln1-EeWb4g4qCdqdUQ",1
"lPnnmgiwEeWCQyIAC5XEog@10","49","BKnCuX1TEeWDzg4yGnIlTw",1
"lPnnmgiwEeWCQyIAC5XEog@10","7","DRRSDWykEeWqXg7D-Kwb-Q",2
"lPnnmgiwEeWCQyIAC5XEog@10","45","1kkcRW8VEeWWpw7gge8ZbQ",1
"lPnnmgiwEeWCQyIAC5XEog@10","4","veu9nnW9EeWtPhJmZh_6JQ",1
"lPnnmgiwEeWCQyIAC5XEog@10","41","ydbgY2c4EeW4ng7YWNlcxQ",1
"lPnnmgiwEeWCQyIAC5XEog@10","1","9PUIoGzzEeWXygocDxikNQ",1
"lPnnmgiwEeWCQyIAC5XEog@10","2","GxKAK2_hEeWPJBI9QEQKiQ",1
"lPnnmgiwEeWCQyIAC5XEog@10","41","j-0wLIJXEeWOJwp8z3qGpQ",1
"lPnnmgiwEeWCQyIAC5XEog@10","11","S5DSC4KYEeWZCxLh4264pw",2
"lPnnmgiwEeWCQyIAC5XEog@10","49","jBuUdYJFEeW_TQrOC1clnQ",1
"lPnnmgiwEeWCQyIAC5XEog@10","45","a45dzmdDEeW_BRK9nue8nw",1
"lPnnmgiwEeWCQyIAC5XEog@10","49","sgUsK4F4EeWFDQ4Rhv_F_Q",1
"lPnnmgiwEeWCQyIAC5XEog@10","2","ydbgY2c4EeW4ng7YWNlcxQ",1
"lPnnmgiwEeWCQyIAC5XEog@10","49","0FIQC3fQEeWgtQq7brjg6Q",1
"lPnnmgiwEeWCQyIAC5XEog@10","38","JQ4TKW0YEeWpCwrPNVXTlw",2
"lPnnmgiwEeWCQyIAC5XEog@10","46","0FIQC3fQEeWgtQq7brjg6Q",2
"lPnnmgiwEeWCQyIAC5XEog@10","46","a45dzmdDEeW_BRK9nue8nw",2
"lPnnmgiwEeWCQyIAC5XEog@10","3","KW2if24uEeWWpw7gge8ZbQ",1
"lPnnmgiwEeWCQyIAC5XEog@10","2","XrqJY2ndEeWWpw7gge8ZbQ",1
"lPnnmgiwEeWCQyIAC5XEog@10","15","B7OScH4VEeWv4xJApgpHZw",1
"lPnnmgiwEeWCQyIAC5XEog@10","34","JQ4TKW0YEeWpCwrPNVXTlw",2
"lPnnmgiwEeWCQyIAC5XEog@10","38","S5DSC4KYEeWZCxLh4264pw",2
"lPnnmgiwEeWCQyIAC5XEog@10","30","XrqJY2ndEeWWpw7gge8ZbQ",2
"lPnnmgiwEeWCQyIAC5XEog@10","34","I9YTXnVKEeWqXg7D-Kwb-Q",2
"lPnnmgiwEeWCQyIAC5XEog@10","49","XrqJY2ndEeWWpw7gge8ZbQ",1
"lPnnmgiwEeWCQyIAC5XEog@10","1","Rdd3M2yaEeWb4g4qCdqdUQ",1
"lPnnmgiwEeWCQyIAC5XEog@10","23","veu9nnW9EeWtPhJmZh_6JQ",2
"lPnnmgiwEeWCQyIAC5XEog@10","23","4kdPwW0AEeWqXg7D-Kwb-Q",2
"lPnnmgiwEeWCQyIAC5XEog@10","41","I9YTXnVKEeWqXg7D-Kwb-Q",1
"lPnnmgiwEeWCQyIAC5XEog@10","3","JQ4TKW0YEeWpCwrPNVXTlw",1
"lPnnmgiwEeWCQyIAC5XEog@10","41","OLX2NXcMEeWDzg4yGnIlTw",1
"lPnnmgiwEeWCQyIAC5XEog@10","27","veu9nnW9EeWtPhJmZh_6JQ",1
"lPnnmgiwEeWCQyIAC5XEog@10","23","_BaBZ2bCEeW4ng7YWNlcxQ",2
"lPnnmgiwEeWCQyIAC5XEog@10","38","DRRSDWykEeWqXg7D-Kwb-Q",2
"lPnnmgiwEeWCQyIAC5XEog@10","27","tu252WzIEeWb4g4qCdqdUQ",1
"lPnnmgiwEeWCQyIAC5XEog@10","23","I9YTXnVKEeWqXg7D-Kwb-Q",2
"lPnnmgiwEeWCQyIAC5XEog@10","30","59DMln1-EeWb4g4qCdqdUQ",2
"lPnnmgiwEeWCQyIAC5XEog@10","30","veu9nnW9EeWtPhJmZh_6JQ",2
"lPnnmgiwEeWCQyIAC5XEog@10","23","j-0wLIJXEeWOJwp8z3qGpQ",2
"lPnnmgiwEeWCQyIAC5XEog@10","19","1kkcRW8VEeWWpw7gge8ZbQ",2
"lPnnmgiwEeWCQyIAC5XEog@10","38","59DMln1-EeWb4g4qCdqdUQ",2
"lPnnmgiwEeWCQyIAC5XEog@10","42","-QosbGqwEeWXygocDxikNQ",2
"lPnnmgiwEeWCQyIAC5XEog@10","49","veu9nnW9EeWtPhJmZh_6JQ",1
"lPnnmgiwEeWCQyIAC5XEog@10","19","tu252WzIEeWb4g4qCdqdUQ",2
"lPnnmgiwEeWCQyIAC5XEog@10","23","1kkcRW8VEeWWpw7gge8ZbQ",2
"lPnnmgiwEeWCQyIAC5XEog@10","19","hLzqJmgAEeW4MQo4aS2dkw",2
"lPnnmgiwEeWCQyIAC5XEog@10","27","S5DSC4KYEeWZCxLh4264pw",1
"lPnnmgiwEeWCQyIAC5XEog@10","49","OLX2NXcMEeWDzg4yGnIlTw",1
"lPnnmgiwEeWCQyIAC5XEog@10","42","GxKAK2_hEeWPJBI9QEQKiQ",2
"lPnnmgiwEeWCQyIAC5XEog@10","23","PfxwDH1EEeWtPhJmZh_6JQ",2
"lPnnmgiwEeWCQyIAC5XEog@10","34","j-0wLIJXEeWOJwp8z3qGpQ",1
"lPnnmgiwEeWCQyIAC5XEog@10","7","hLzqJmgAEeW4MQo4aS2dkw",2
"lPnnmgiwEeWCQyIAC5XEog@10","19","ZP8C6XIdEeWgtQq7brjg6Q",2
"lPnnmgiwEeWCQyIAC5XEog@10","42","jBuUdYJFEeW_TQrOC1clnQ",2
"lPnnmgiwEeWCQyIAC5XEog@10","11","OLX2NXcMEeWDzg4yGnIlTw",2
"lPnnmgiwEeWCQyIAC5XEog@10","3","s63rN29ZEeWb4g4qCdqdUQ",1
"lPnnmgiwEeWCQyIAC5XEog@10","41","BKnCuX1TEeWDzg4yGnIlTw",1
"lPnnmgiwEeWCQyIAC5XEog@10","49","j-0wLIJXEeWOJwp8z3qGpQ",1
"lPnnmgiwEeWCQyIAC5XEog@10","1","jBuUdYJFEeW_TQrOC1clnQ",1
"lPnnmgiwEeWCQyIAC5XEog@10","23","JQ4TKW0YEeWpCwrPNVXTlw",2
"lPnnmgiwEeWCQyIAC5XEog@10","2","sgUsK4F4EeWFDQ4Rhv_F_Q",1
"lPnnmgiwEeWCQyIAC5XEog@10","19","XrqJY2ndEeWWpw7gge8ZbQ",2
"lPnnmgiwEeWCQyIAC5XEog@10","7","tu252WzIEeWb4g4qCdqdUQ",2
"lPnnmgiwEeWCQyIAC5XEog@10","42","Rdd3M2yaEeWb4g4qCdqdUQ",2
"lPnnmgiwEeWCQyIAC5XEog@10","42","0FIQC3fQEeWgtQq7brjg6Q",2
"lPnnmgiwEeWCQyIAC5XEog@10","11","b7iyZnVlEeWb4g4qCdqdUQ",2
"lPnnmgiwEeWCQyIAC5XEog@10","41","jBuUdYJFEeW_TQrOC1clnQ",1
"lPnnmgiwEeWCQyIAC5XEog@10","45","ZP8C6XIdEeWgtQq7brjg6Q",1
"lPnnmgiwEeWCQyIAC5XEog@10","45","tu252WzIEeWb4g4qCdqdUQ",1
"lPnnmgiwEeWCQyIAC5XEog@10","42","veu9nnW9EeWtPhJmZh_6JQ",2
"lPnnmgiwEeWCQyIAC5XEog@10","46","ydbgY2c4EeW4ng7YWNlcxQ",2
"lPnnmgiwEeWCQyIAC5XEog@10","30","JQ4TKW0YEeWpCwrPNVXTlw",2
"lPnnmgiwEeWCQyIAC5XEog@10","15","ZP8C6XIdEeWgtQq7brjg6Q",1
"lPnnmgiwEeWCQyIAC5XEog@10","38","BKnCuX1TEeWDzg4yGnIlTw",2
"lPnnmgiwEeWCQyIAC5XEog@10","30","S5DSC4KYEeWZCxLh4264pw",2
"lPnnmgiwEeWCQyIAC5XEog@10","23","b7iyZnVlEeWb4g4qCdqdUQ",2
"lPnnmgiwEeWCQyIAC5XEog@10","4","B7OScH4VEeWv4xJApgpHZw",1
"lPnnmgiwEeWCQyIAC5XEog@10","11","tu252WzIEeWb4g4qCdqdUQ",2
"lPnnmgiwEeWCQyIAC5XEog@10","45","XrqJY2ndEeWWpw7gge8ZbQ",1
"lPnnmgiwEeWCQyIAC5XEog@10","46","4kdPwW0AEeWqXg7D-Kwb-Q",2
"lPnnmgiwEeWCQyIAC5XEog@10","27","JQ4TKW0YEeWpCwrPNVXTlw",1
"lPnnmgiwEeWCQyIAC5XEog@10","3","tu252WzIEeWb4g4qCdqdUQ",1
"lPnnmgiwEeWCQyIAC5XEog@10","27","1kkcRW8VEeWWpw7gge8ZbQ",1
"lPnnmgiwEeWCQyIAC5XEog@10","11","jBuUdYJFEeW_TQrOC1clnQ",2
"lPnnmgiwEeWCQyIAC5XEog@10","45","I9YTXnVKEeWqXg7D-Kwb-Q",1
"lPnnmgiwEeWCQyIAC5XEog@10","46","_BaBZ2bCEeW4ng7YWNlcxQ",2
"lPnnmgiwEeWCQyIAC5XEog@10","11","Rdd3M2yaEeWb4g4qCdqdUQ",2
"lPnnmgiwEeWCQyIAC5XEog@10","41","n4LVomZwEeWEHBK0qnR5nQ",1
"lPnnmgiwEeWCQyIAC5XEog@10","30","s63rN29ZEeWb4g4qCdqdUQ",2
"lPnnmgiwEeWCQyIAC5XEog@10","4","n4LVomZwEeWEHBK0qnR5nQ",1
"lPnnmgiwEeWCQyIAC5XEog@10","7","_BaBZ2bCEeW4ng7YWNlcxQ",2
"lPnnmgiwEeWCQyIAC5XEog@10","3","jBuUdYJFEeW_TQrOC1clnQ",1
"lPnnmgiwEeWCQyIAC5XEog@10","11","pI32XGhEEeWWZw7H3umBFQ",2
"lPnnmgiwEeWCQyIAC5XEog@10","7","JQ4TKW0YEeWpCwrPNVXTlw",2
"lPnnmgiwEeWCQyIAC5XEog@10","27","ydbgY2c4EeW4ng7YWNlcxQ",1
"lPnnmgiwEeWCQyIAC5XEog@10","38","1kkcRW8VEeWWpw7gge8ZbQ",2
"lPnnmgiwEeWCQyIAC5XEog@10","30","Rdd3M2yaEeWb4g4qCdqdUQ",2
"lPnnmgiwEeWCQyIAC5XEog@10","45","OLX2NXcMEeWDzg4yGnIlTw",1
"lPnnmgiwEeWCQyIAC5XEog@10","1","n4LVomZwEeWEHBK0qnR5nQ",1
"lPnnmgiwEeWCQyIAC5XEog@10","30","miU9s2l1EeWgtQq7brjg6Q",2
"lPnnmgiwEeWCQyIAC5XEog@10","3","F6XQkWyjEeWtPhJmZh_6JQ",1
"lPnnmgiwEeWCQyIAC5XEog@10","15","DRRSDWykEeWqXg7D-Kwb-Q",1
"lPnnmgiwEeWCQyIAC5XEog@10","15","GxKAK2_hEeWPJBI9QEQKiQ",1
"lPnnmgiwEeWCQyIAC5XEog@10","27","miU9s2l1EeWgtQq7brjg6Q",1
"lPnnmgiwEeWCQyIAC5XEog@10","1","miU9s2l1EeWgtQq7brjg6Q",1
"lPnnmgiwEeWCQyIAC5XEog@10","7","GxKAK2_hEeWPJBI9QEQKiQ",2
"lPnnmgiwEeWCQyIAC5XEog@10","27","n4LVomZwEeWEHBK0qnR5nQ",1
"lPnnmgiwEeWCQyIAC5XEog@10","38","pI32XGhEEeWWZw7H3umBFQ",2
"lPnnmgiwEeWCQyIAC5XEog@10","49","4kdPwW0AEeWqXg7D-Kwb-Q",1
"lPnnmgiwEeWCQyIAC5XEog@10","46","j-0wLIJXEeWOJwp8z3qGpQ",2
"lPnnmgiwEeWCQyIAC5XEog@10","4","sgUsK4F4EeWFDQ4Rhv_F_Q",1
"lPnnmgiwEeWCQyIAC5XEog@10","23","s63rN29ZEeWb4g4qCdqdUQ",2
"lPnnmgiwEeWCQyIAC5XEog@10","7","j-0wLIJXEeWOJwp8z3qGpQ",2
"lPnnmgiwEeWCQyIAC5XEog@10","23","59DMln1-EeWb4g4qCdqdUQ",2
"lPnnmgiwEeWCQyIAC5XEog@10","19","0FIQC3fQEeWgtQq7brjg6Q",2
"lPnnmgiwEeWCQyIAC5XEog@10","1","hLzqJmgAEeW4MQo4aS2dkw",1
"lPnnmgiwEeWCQyIAC5XEog@10","1","veu9nnW9EeWtPhJmZh_6JQ",1
"lPnnmgiwEeWCQyIAC5XEog@10","1","-QosbGqwEeWXygocDxikNQ",1
"lPnnmgiwEeWCQyIAC5XEog@10","41","4kdPwW0AEeWqXg7D-Kwb-Q",1
"lPnnmgiwEeWCQyIAC5XEog@10","19","pI32XGhEEeWWZw7H3umBFQ",2
"lPnnmgiwEeWCQyIAC5XEog@10","45","ck_kHYB3EeWXKRJ71r2fxw",1
"lPnnmgiwEeWCQyIAC5XEog@10","42","PfxwDH1EEeWtPhJmZh_6JQ",2
"lPnnmgiwEeWCQyIAC5XEog@10","45","GxKAK2_hEeWPJBI9QEQKiQ",1
"lPnnmgiwEeWCQyIAC5XEog@10","4","0FIQC3fQEeWgtQq7brjg6Q",1
"lPnnmgiwEeWCQyIAC5XEog@10","27","b7iyZnVlEeWb4g4qCdqdUQ",1
"lPnnmgiwEeWCQyIAC5XEog@10","3","ZP8C6XIdEeWgtQq7brjg6Q",1
"lPnnmgiwEeWCQyIAC5XEog@10","15","4kdPwW0AEeWqXg7D-Kwb-Q",1
"lPnnmgiwEeWCQyIAC5XEog@10","1","0HhMK3WgEeWDzg4yGnIlTw",1
"lPnnmgiwEeWCQyIAC5XEog@10","11","GxKAK2_hEeWPJBI9QEQKiQ",2
"lPnnmgiwEeWCQyIAC5XEog@10","49","PfxwDH1EEeWtPhJmZh_6JQ",1
"lPnnmgiwEeWCQyIAC5XEog@10","27","a45dzmdDEeW_BRK9nue8nw",1
"lPnnmgiwEeWCQyIAC5XEog@10","30","ck_kHYB3EeWXKRJ71r2fxw",2
"lPnnmgiwEeWCQyIAC5XEog@10","2","b7iyZnVlEeWb4g4qCdqdUQ",1
"lPnnmgiwEeWCQyIAC5XEog@10","11","59DMln1-EeWb4g4qCdqdUQ",2
"lPnnmgiwEeWCQyIAC5XEog@10","42","OLX2NXcMEeWDzg4yGnIlTw",2
"lPnnmgiwEeWCQyIAC5XEog@10","1","j-0wLIJXEeWOJwp8z3qGpQ",1
"lPnnmgiwEeWCQyIAC5XEog@10","15","b7iyZnVlEeWb4g4qCdqdUQ",1
"lPnnmgiwEeWCQyIAC5XEog@10","11","ydbgY2c4EeW4ng7YWNlcxQ",2
"lPnnmgiwEeWCQyIAC5XEog@10","34","OLX2NXcMEeWDzg4yGnIlTw",2
"lPnnmgiwEeWCQyIAC5XEog@10","38","sgUsK4F4EeWFDQ4Rhv_F_Q",2
"lPnnmgiwEeWCQyIAC5XEog@10","38","F6XQkWyjEeWtPhJmZh_6JQ",2
"lPnnmgiwEeWCQyIAC5XEog@10","11","B7OScH4VEeWv4xJApgpHZw",2
"lPnnmgiwEeWCQyIAC5XEog@10","46","9PUIoGzzEeWXygocDxikNQ",2
"lPnnmgiwEeWCQyIAC5XEog@10","15","XrqJY2ndEeWWpw7gge8ZbQ",1
"lPnnmgiwEeWCQyIAC5XEog@10","7","Rdd3M2yaEeWb4g4qCdqdUQ",2
"lPnnmgiwEeWCQyIAC5XEog@10","1","PfxwDH1EEeWtPhJmZh_6JQ",1
"lPnnmgiwEeWCQyIAC5XEog@10","1","s63rN29ZEeWb4g4qCdqdUQ",1
"lPnnmgiwEeWCQyIAC5XEog@10","38","XrqJY2ndEeWWpw7gge8ZbQ",2
"lPnnmgiwEeWCQyIAC5XEog@10","2","I9YTXnVKEeWqXg7D-Kwb-Q",1
"lPnnmgiwEeWCQyIAC5XEog@10","11","DRRSDWykEeWqXg7D-Kwb-Q",2
"lPnnmgiwEeWCQyIAC5XEog@10","4","ydbgY2c4EeW4ng7YWNlcxQ",1
"lPnnmgiwEeWCQyIAC5XEog@10","45","hLzqJmgAEeW4MQo4aS2dkw",1
"lPnnmgiwEeWCQyIAC5XEog@10","7","59DMln1-EeWb4g4qCdqdUQ",2
"lPnnmgiwEeWCQyIAC5XEog@10","49","a45dzmdDEeW_BRK9nue8nw",1
"lPnnmgiwEeWCQyIAC5XEog@10","45","F6XQkWyjEeWtPhJmZh_6JQ",1
"lPnnmgiwEeWCQyIAC5XEog@10","30","sgUsK4F4EeWFDQ4Rhv_F_Q",2
"lPnnmgiwEeWCQyIAC5XEog@10","46","tu252WzIEeWb4g4qCdqdUQ",2
"lPnnmgiwEeWCQyIAC5XEog@10","19","I9YTXnVKEeWqXg7D-Kwb-Q",2
"lPnnmgiwEeWCQyIAC5XEog@10","45","B7OScH4VEeWv4xJApgpHZw",1
"lPnnmgiwEeWCQyIAC5XEog@10","2","PfxwDH1EEeWtPhJmZh_6JQ",1
"lPnnmgiwEeWCQyIAC5XEog@10","2","Rdd3M2yaEeWb4g4qCdqdUQ",1
"lPnnmgiwEeWCQyIAC5XEog@10","49","miU9s2l1EeWgtQq7brjg6Q",1
"lPnnmgiwEeWCQyIAC5XEog@10","15","F6XQkWyjEeWtPhJmZh_6JQ",1
"lPnnmgiwEeWCQyIAC5XEog@10","38","miU9s2l1EeWgtQq7brjg6Q",2
"lPnnmgiwEeWCQyIAC5XEog@10","30","0FIQC3fQEeWgtQq7brjg6Q",2
"lPnnmgiwEeWCQyIAC5XEog@10","15","j-0wLIJXEeWOJwp8z3qGpQ",1
"lPnnmgiwEeWCQyIAC5XEog@10","3","pI32XGhEEeWWZw7H3umBFQ",1
"lPnnmgiwEeWCQyIAC5XEog@10","42","b7iyZnVlEeWb4g4qCdqdUQ",2
"lPnnmgiwEeWCQyIAC5XEog@10","46","DRRSDWykEeWqXg7D-Kwb-Q",2
"lPnnmgiwEeWCQyIAC5XEog@10","42","I9YTXnVKEeWqXg7D-Kwb-Q",2
"lPnnmgiwEeWCQyIAC5XEog@10","27","0FIQC3fQEeWgtQq7brjg6Q",1
"lPnnmgiwEeWCQyIAC5XEog@10","34","-QosbGqwEeWXygocDxikNQ",2
"lPnnmgiwEeWCQyIAC5XEog@10","4","9PUIoGzzEeWXygocDxikNQ",1
"lPnnmgiwEeWCQyIAC5XEog@10","46","PfxwDH1EEeWtPhJmZh_6JQ",2
"lPnnmgiwEeWCQyIAC5XEog@10","38","n4LVomZwEeWEHBK0qnR5nQ",2
"lPnnmgiwEeWCQyIAC5XEog@10","2","ck_kHYB3EeWXKRJ71r2fxw",1
"lPnnmgiwEeWCQyIAC5XEog@10","38","GxKAK2_hEeWPJBI9QEQKiQ",2
"lPnnmgiwEeWCQyIAC5XEog@10","45","4kdPwW0AEeWqXg7D-Kwb-Q",1
"lPnnmgiwEeWCQyIAC5XEog@10","49","-QosbGqwEeWXygocDxikNQ",1
"lPnnmgiwEeWCQyIAC5XEog@10","30","ZP8C6XIdEeWgtQq7brjg6Q",2
"lPnnmgiwEeWCQyIAC5XEog@10","3","XrqJY2ndEeWWpw7gge8ZbQ",1
"lPnnmgiwEeWCQyIAC5XEog@10","42","0HhMK3WgEeWDzg4yGnIlTw",2
"lPnnmgiwEeWCQyIAC5XEog@10","3","j-0wLIJXEeWOJwp8z3qGpQ",1
"lPnnmgiwEeWCQyIAC5XEog@10","1","pI32XGhEEeWWZw7H3umBFQ",1
"lPnnmgiwEeWCQyIAC5XEog@10","27","-QosbGqwEeWXygocDxikNQ",1
"lPnnmgiwEeWCQyIAC5XEog@10","4","F6XQkWyjEeWtPhJmZh_6JQ",1
"lPnnmgiwEeWCQyIAC5XEog@10","49","_BaBZ2bCEeW4ng7YWNlcxQ",1
"lPnnmgiwEeWCQyIAC5XEog@10","49","hLzqJmgAEeW4MQo4aS2dkw",1
"lPnnmgiwEeWCQyIAC5XEog@10","27","9PUIoGzzEeWXygocDxikNQ",1
"lPnnmgiwEeWCQyIAC5XEog@10","41","_BaBZ2bCEeW4ng7YWNlcxQ",1
"lPnnmgiwEeWCQyIAC5XEog@10","34","PfxwDH1EEeWtPhJmZh_6JQ",2
"lPnnmgiwEeWCQyIAC5XEog@10","19","sgUsK4F4EeWFDQ4Rhv_F_Q",2
"lPnnmgiwEeWCQyIAC5XEog@10","30","-QosbGqwEeWXygocDxikNQ",2
"lPnnmgiwEeWCQyIAC5XEog@10","19","0HhMK3WgEeWDzg4yGnIlTw",2
"lPnnmgiwEeWCQyIAC5XEog@10","19","Rdd3M2yaEeWb4g4qCdqdUQ",2
"lPnnmgiwEeWCQyIAC5XEog@10","46","jBuUdYJFEeW_TQrOC1clnQ",2
"lPnnmgiwEeWCQyIAC5XEog@10","46","hLzqJmgAEeW4MQo4aS2dkw",2
"lPnnmgiwEeWCQyIAC5XEog@10","11","I9YTXnVKEeWqXg7D-Kwb-Q",2
"lPnnmgiwEeWCQyIAC5XEog@10","23","a45dzmdDEeW_BRK9nue8nw",2
"lPnnmgiwEeWCQyIAC5XEog@10","15","I9YTXnVKEeWqXg7D-Kwb-Q",1
"lPnnmgiwEeWCQyIAC5XEog@10","27","hLzqJmgAEeW4MQo4aS2dkw",1
"lPnnmgiwEeWCQyIAC5XEog@10","7","veu9nnW9EeWtPhJmZh_6JQ",2
"lPnnmgiwEeWCQyIAC5XEog@10","2","ZP8C6XIdEeWgtQq7brjg6Q",1
"lPnnmgiwEeWCQyIAC5XEog@10","15","miU9s2l1EeWgtQq7brjg6Q",1
"lPnnmgiwEeWCQyIAC5XEog@10","41","9PUIoGzzEeWXygocDxikNQ",1
"lPnnmgiwEeWCQyIAC5XEog@10","15","_BaBZ2bCEeW4ng7YWNlcxQ",1
"lPnnmgiwEeWCQyIAC5XEog@10","27","4kdPwW0AEeWqXg7D-Kwb-Q",1
"lPnnmgiwEeWCQyIAC5XEog@10","30","I9YTXnVKEeWqXg7D-Kwb-Q",2
"lPnnmgiwEeWCQyIAC5XEog@10","41","S5DSC4KYEeWZCxLh4264pw",1
"lPnnmgiwEeWCQyIAC5XEog@10","15","veu9nnW9EeWtPhJmZh_6JQ",1
"lPnnmgiwEeWCQyIAC5XEog@10","42","9PUIoGzzEeWXygocDxikNQ",2
"lPnnmgiwEeWCQyIAC5XEog@10","41","KW2if24uEeWWpw7gge8ZbQ",1
"lPnnmgiwEeWCQyIAC5XEog@10","38","B7OScH4VEeWv4xJApgpHZw",2
"lPnnmgiwEeWCQyIAC5XEog@10","45","pI32XGhEEeWWZw7H3umBFQ",1
"lPnnmgiwEeWCQyIAC5XEog@10","38","tu252WzIEeWb4g4qCdqdUQ",2
"lPnnmgiwEeWCQyIAC5XEog@10","45","0HhMK3WgEeWDzg4yGnIlTw",1
"lPnnmgiwEeWCQyIAC5XEog@10","27","0HhMK3WgEeWDzg4yGnIlTw",1
"lPnnmgiwEeWCQyIAC5XEog@10","2","DRRSDWykEeWqXg7D-Kwb-Q",1
"lPnnmgiwEeWCQyIAC5XEog@10","38","ZP8C6XIdEeWgtQq7brjg6Q",2
"lPnnmgiwEeWCQyIAC5XEog@10","34","59DMln1-EeWb4g4qCdqdUQ",2
"lPnnmgiwEeWCQyIAC5XEog@10","41","sgUsK4F4EeWFDQ4Rhv_F_Q",1
"lPnnmgiwEeWCQyIAC5XEog@10","42","tu252WzIEeWb4g4qCdqdUQ",2
"lPnnmgiwEeWCQyIAC5XEog@10","11","-QosbGqwEeWXygocDxikNQ",2
"lPnnmgiwEeWCQyIAC5XEog@10","41","veu9nnW9EeWtPhJmZh_6JQ",1
"lPnnmgiwEeWCQyIAC5XEog@10","3","OLX2NXcMEeWDzg4yGnIlTw",1
"lPnnmgiwEeWCQyIAC5XEog@10","1","JQ4TKW0YEeWpCwrPNVXTlw",1
"lPnnmgiwEeWCQyIAC5XEog@10","19","DRRSDWykEeWqXg7D-Kwb-Q",2
"lPnnmgiwEeWCQyIAC5XEog@10","34","_BaBZ2bCEeW4ng7YWNlcxQ",2
"lPnnmgiwEeWCQyIAC5XEog@10","27","ZP8C6XIdEeWgtQq7brjg6Q",1
"lPnnmgiwEeWCQyIAC5XEog@10","42","JQ4TKW0YEeWpCwrPNVXTlw",2
"lPnnmgiwEeWCQyIAC5XEog@10","42","sgUsK4F4EeWFDQ4Rhv_F_Q",2
"lPnnmgiwEeWCQyIAC5XEog@10","41","F6XQkWyjEeWtPhJmZh_6JQ",1
"lPnnmgiwEeWCQyIAC5XEog@10","7","ydbgY2c4EeW4ng7YWNlcxQ",2
"lPnnmgiwEeWCQyIAC5XEog@10","7","ZP8C6XIdEeWgtQq7brjg6Q",2
"lPnnmgiwEeWCQyIAC5XEog@10","42","pI32XGhEEeWWZw7H3umBFQ",2
"lPnnmgiwEeWCQyIAC5XEog@10","19","F6XQkWyjEeWtPhJmZh_6JQ",2
"lPnnmgiwEeWCQyIAC5XEog@10","46","s63rN29ZEeWb4g4qCdqdUQ",2
"lPnnmgiwEeWCQyIAC5XEog@10","41","s63rN29ZEeWb4g4qCdqdUQ",1
"lPnnmgiwEeWCQyIAC5XEog@10","45","-QosbGqwEeWXygocDxikNQ",1
"lPnnmgiwEeWCQyIAC5XEog@10","11","_BaBZ2bCEeW4ng7YWNlcxQ",2
"lPnnmgiwEeWCQyIAC5XEog@10","15","Rdd3M2yaEeWb4g4qCdqdUQ",1
"lPnnmgiwEeWCQyIAC5XEog@10","15","n4LVomZwEeWEHBK0qnR5nQ",1
"lPnnmgiwEeWCQyIAC5XEog@10","23","OLX2NXcMEeWDzg4yGnIlTw",2
"lPnnmgiwEeWCQyIAC5XEog@10","30","jBuUdYJFEeW_TQrOC1clnQ",2
"lPnnmgiwEeWCQyIAC5XEog@10","46","veu9nnW9EeWtPhJmZh_6JQ",2
"lPnnmgiwEeWCQyIAC5XEog@10","45","sgUsK4F4EeWFDQ4Rhv_F_Q",1
"lPnnmgiwEeWCQyIAC5XEog@10","11","BKnCuX1TEeWDzg4yGnIlTw",2
"lPnnmgiwEeWCQyIAC5XEog@10","11","j-0wLIJXEeWOJwp8z3qGpQ",2
"lPnnmgiwEeWCQyIAC5XEog@10","2","4kdPwW0AEeWqXg7D-Kwb-Q",1
"lPnnmgiwEeWCQyIAC5XEog@10","4","DRRSDWykEeWqXg7D-Kwb-Q",1
"lPnnmgiwEeWCQyIAC5XEog@10","27","B7OScH4VEeWv4xJApgpHZw",1
"lPnnmgiwEeWCQyIAC5XEog@10","2","B7OScH4VEeWv4xJApgpHZw",1
"lPnnmgiwEeWCQyIAC5XEog@10","1","F6XQkWyjEeWtPhJmZh_6JQ",1
"lPnnmgiwEeWCQyIAC5XEog@10","19","_BaBZ2bCEeW4ng7YWNlcxQ",2
"lPnnmgiwEeWCQyIAC5XEog@10","34","9PUIoGzzEeWXygocDxikNQ",2
"lPnnmgiwEeWCQyIAC5XEog@10","23","BKnCuX1TEeWDzg4yGnIlTw",2
"lPnnmgiwEeWCQyIAC5XEog@10","1","KW2if24uEeWWpw7gge8ZbQ",1
"lPnnmgiwEeWCQyIAC5XEog@10","4","XrqJY2ndEeWWpw7gge8ZbQ",1
"lPnnmgiwEeWCQyIAC5XEog@10","38","PfxwDH1EEeWtPhJmZh_6JQ",2
"lPnnmgiwEeWCQyIAC5XEog@10","19","4kdPwW0AEeWqXg7D-Kwb-Q",2
"lPnnmgiwEeWCQyIAC5XEog@10","3","a45dzmdDEeW_BRK9nue8nw",1
"lPnnmgiwEeWCQyIAC5XEog@10","15","BKnCuX1TEeWDzg4yGnIlTw",1
"lPnnmgiwEeWCQyIAC5XEog@10","23","sgUsK4F4EeWFDQ4Rhv_F_Q",2
"lPnnmgiwEeWCQyIAC5XEog@10","34","DRRSDWykEeWqXg7D-Kwb-Q",2
"lPnnmgiwEeWCQyIAC5XEog@10","49","S5DSC4KYEeWZCxLh4264pw",1
"lPnnmgiwEeWCQyIAC5XEog@10","46","ZP8C6XIdEeWgtQq7brjg6Q",2
"lPnnmgiwEeWCQyIAC5XEog@10","15","9PUIoGzzEeWXygocDxikNQ",1
"lPnnmgiwEeWCQyIAC5XEog@10","4","s63rN29ZEeWb4g4qCdqdUQ",1
"lPnnmgiwEeWCQyIAC5XEog@10","19","BKnCuX1TEeWDzg4yGnIlTw",2
"lPnnmgiwEeWCQyIAC5XEog@10","7","1kkcRW8VEeWWpw7gge8ZbQ",2
"lPnnmgiwEeWCQyIAC5XEog@10","7","-QosbGqwEeWXygocDxikNQ",2
"lPnnmgiwEeWCQyIAC5XEog@10","42","KW2if24uEeWWpw7gge8ZbQ",2
"lPnnmgiwEeWCQyIAC5XEog@10","1","_BaBZ2bCEeW4ng7YWNlcxQ",1
"lPnnmgiwEeWCQyIAC5XEog@10","30","GxKAK2_hEeWPJBI9QEQKiQ",2
"lPnnmgiwEeWCQyIAC5XEog@10","7","0FIQC3fQEeWgtQq7brjg6Q",2
"lPnnmgiwEeWCQyIAC5XEog@10","3","I9YTXnVKEeWqXg7D-Kwb-Q",1
"lPnnmgiwEeWCQyIAC5XEog@10","19","KW2if24uEeWWpw7gge8ZbQ",2
"lPnnmgiwEeWCQyIAC5XEog@10","45","JQ4TKW0YEeWpCwrPNVXTlw",1
"lPnnmgiwEeWCQyIAC5XEog@10","15","S5DSC4KYEeWZCxLh4264pw",1
"lPnnmgiwEeWCQyIAC5XEog@10","27","59DMln1-EeWb4g4qCdqdUQ",1
"lPnnmgiwEeWCQyIAC5XEog@10","45","j-0wLIJXEeWOJwp8z3qGpQ",1
"lPnnmgiwEeWCQyIAC5XEog@10","2","BKnCuX1TEeWDzg4yGnIlTw",1
"lPnnmgiwEeWCQyIAC5XEog@10","4","S5DSC4KYEeWZCxLh4264pw",1
"lPnnmgiwEeWCQyIAC5XEog@10","7","b7iyZnVlEeWb4g4qCdqdUQ",2
"lPnnmgiwEeWCQyIAC5XEog@10","15","hLzqJmgAEeW4MQo4aS2dkw",1
"lPnnmgiwEeWCQyIAC5XEog@10","11","ZP8C6XIdEeWgtQq7brjg6Q",2
"lPnnmgiwEeWCQyIAC5XEog@10","38","ydbgY2c4EeW4ng7YWNlcxQ",2
"lPnnmgiwEeWCQyIAC5XEog@10","45","jBuUdYJFEeW_TQrOC1clnQ",1
"lPnnmgiwEeWCQyIAC5XEog@10","2","tu252WzIEeWb4g4qCdqdUQ",1
"lPnnmgiwEeWCQyIAC5XEog@10","42","F6XQkWyjEeWtPhJmZh_6JQ",2
"lPnnmgiwEeWCQyIAC5XEog@10","3","Rdd3M2yaEeWb4g4qCdqdUQ",1
"lPnnmgiwEeWCQyIAC5XEog@10","7","sgUsK4F4EeWFDQ4Rhv_F_Q",2
"lPnnmgiwEeWCQyIAC5XEog@10","1","OLX2NXcMEeWDzg4yGnIlTw",1
"lPnnmgiwEeWCQyIAC5XEog@10","27","j-0wLIJXEeWOJwp8z3qGpQ",1
"lPnnmgiwEeWCQyIAC5XEog@10","30","b7iyZnVlEeWb4g4qCdqdUQ",2
"lPnnmgiwEeWCQyIAC5XEog@10","15","0FIQC3fQEeWgtQq7brjg6Q",1
"lPnnmgiwEeWCQyIAC5XEog@10","4","pI32XGhEEeWWZw7H3umBFQ",1
"lPnnmgiwEeWCQyIAC5XEog@10","1","B7OScH4VEeWv4xJApgpHZw",1
"lPnnmgiwEeWCQyIAC5XEog@10","30","pI32XGhEEeWWZw7H3umBFQ",2
"lPnnmgiwEeWCQyIAC5XEog@10","1","I9YTXnVKEeWqXg7D-Kwb-Q",1
"lPnnmgiwEeWCQyIAC5XEog@10","15","-QosbGqwEeWXygocDxikNQ",1
"lPnnmgiwEeWCQyIAC5XEog@10","1","4kdPwW0AEeWqXg7D-Kwb-Q",1
"lPnnmgiwEeWCQyIAC5XEog@10","19","miU9s2l1EeWgtQq7brjg6Q",2
"lPnnmgiwEeWCQyIAC5XEog@10","46","ck_kHYB3EeWXKRJ71r2fxw",2
"lPnnmgiwEeWCQyIAC5XEog@10","3","0HhMK3WgEeWDzg4yGnIlTw",1
"lPnnmgiwEeWCQyIAC5XEog@10","1","a45dzmdDEeW_BRK9nue8nw",1
"lPnnmgiwEeWCQyIAC5XEog@10","45","KW2if24uEeWWpw7gge8ZbQ",1
"lPnnmgiwEeWCQyIAC5XEog@10","45","Rdd3M2yaEeWb4g4qCdqdUQ",1
"lPnnmgiwEeWCQyIAC5XEog@10","23","0HhMK3WgEeWDzg4yGnIlTw",2
"lPnnmgiwEeWCQyIAC5XEog@10","4","GxKAK2_hEeWPJBI9QEQKiQ",1
"lPnnmgiwEeWCQyIAC5XEog@10","38","9PUIoGzzEeWXygocDxikNQ",2
"lPnnmgiwEeWCQyIAC5XEog@10","34","n4LVomZwEeWEHBK0qnR5nQ",2
"lPnnmgiwEeWCQyIAC5XEog@10","42","S5DSC4KYEeWZCxLh4264pw",2
"lPnnmgiwEeWCQyIAC5XEog@10","46","GxKAK2_hEeWPJBI9QEQKiQ",2
"lPnnmgiwEeWCQyIAC5XEog@10","11","n4LVomZwEeWEHBK0qnR5nQ",2
"lPnnmgiwEeWCQyIAC5XEog@10","27","OLX2NXcMEeWDzg4yGnIlTw",1
"lPnnmgiwEeWCQyIAC5XEog@10","19","9PUIoGzzEeWXygocDxikNQ",2
"lPnnmgiwEeWCQyIAC5XEog@10","4","-QosbGqwEeWXygocDxikNQ",1
"lPnnmgiwEeWCQyIAC5XEog@10","19","-QosbGqwEeWXygocDxikNQ",2
"lPnnmgiwEeWCQyIAC5XEog@10","30","BKnCuX1TEeWDzg4yGnIlTw",2
"lPnnmgiwEeWCQyIAC5XEog@10","23","hLzqJmgAEeW4MQo4aS2dkw",2
"lPnnmgiwEeWCQyIAC5XEog@10","46","miU9s2l1EeWgtQq7brjg6Q",2
"lPnnmgiwEeWCQyIAC5XEog@10","3","DRRSDWykEeWqXg7D-Kwb-Q",1
"lPnnmgiwEeWCQyIAC5XEog@10","45","ydbgY2c4EeW4ng7YWNlcxQ",1
"lPnnmgiwEeWCQyIAC5XEog@10","3","_BaBZ2bCEeW4ng7YWNlcxQ",1
"lPnnmgiwEeWCQyIAC5XEog@10","4","miU9s2l1EeWgtQq7brjg6Q",1
"lPnnmgiwEeWCQyIAC5XEog@10","41","59DMln1-EeWb4g4qCdqdUQ",1
"lPnnmgiwEeWCQyIAC5XEog@10","2","KW2if24uEeWWpw7gge8ZbQ",1
"lPnnmgiwEeWCQyIAC5XEog@10","15","59DMln1-EeWb4g4qCdqdUQ",1
"lPnnmgiwEeWCQyIAC5XEog@10","34","ydbgY2c4EeW4ng7YWNlcxQ",2
"lPnnmgiwEeWCQyIAC5XEog@10","27","_BaBZ2bCEeW4ng7YWNlcxQ",1
"lPnnmgiwEeWCQyIAC5XEog@10","41","pI32XGhEEeWWZw7H3umBFQ",1
"lPnnmgiwEeWCQyIAC5XEog@10","15","ydbgY2c4EeW4ng7YWNlcxQ",1
"lPnnmgiwEeWCQyIAC5XEog@10","4","tu252WzIEeWb4g4qCdqdUQ",1
"lPnnmgiwEeWCQyIAC5XEog@10","19","jBuUdYJFEeW_TQrOC1clnQ",2
"lPnnmgiwEeWCQyIAC5XEog@10","41","0FIQC3fQEeWgtQq7brjg6Q",1
"lPnnmgiwEeWCQyIAC5XEog@10","42","miU9s2l1EeWgtQq7brjg6Q",2
"lPnnmgiwEeWCQyIAC5XEog@10","11","JQ4TKW0YEeWpCwrPNVXTlw",2
"lPnnmgiwEeWCQyIAC5XEog@10","11","F6XQkWyjEeWtPhJmZh_6JQ",2
"lPnnmgiwEeWCQyIAC5XEog@10","41","-QosbGqwEeWXygocDxikNQ",1
"lPnnmgiwEeWCQyIAC5XEog@10","2","_BaBZ2bCEeW4ng7YWNlcxQ",1
"lPnnmgiwEeWCQyIAC5XEog@10","30","ydbgY2c4EeW4ng7YWNlcxQ",2
"lPnnmgiwEeWCQyIAC5XEog@10","34","GxKAK2_hEeWPJBI9QEQKiQ",2
"lPnnmgiwEeWCQyIAC5XEog@10","49","JQ4TKW0YEeWpCwrPNVXTlw",1
"lPnnmgiwEeWCQyIAC5XEog@10","46","pI32XGhEEeWWZw7H3umBFQ",2
"lPnnmgiwEeWCQyIAC5XEog@10","30","B7OScH4VEeWv4xJApgpHZw",2
"lPnnmgiwEeWCQyIAC5XEog@10","7","ck_kHYB3EeWXKRJ71r2fxw",2
"lPnnmgiwEeWCQyIAC5XEog@10","46","b7iyZnVlEeWb4g4qCdqdUQ",2
"lPnnmgiwEeWCQyIAC5XEog@10","49","pI32XGhEEeWWZw7H3umBFQ",1
"lPnnmgiwEeWCQyIAC5XEog@10","2","9PUIoGzzEeWXygocDxikNQ",1
"lPnnmgiwEeWCQyIAC5XEog@10","23","DRRSDWykEeWqXg7D-Kwb-Q",2
"lPnnmgiwEeWCQyIAC5XEog@10","38","4kdPwW0AEeWqXg7D-Kwb-Q",2
"lPnnmgiwEeWCQyIAC5XEog@10","46","n4LVomZwEeWEHBK0qnR5nQ",2
"lPnnmgiwEeWCQyIAC5XEog@10","4","jBuUdYJFEeW_TQrOC1clnQ",1
"lPnnmgiwEeWCQyIAC5XEog@10","4","PfxwDH1EEeWtPhJmZh_6JQ",1
"lPnnmgiwEeWCQyIAC5XEog@10","3","1kkcRW8VEeWWpw7gge8ZbQ",1
"lPnnmgiwEeWCQyIAC5XEog@10","30","4kdPwW0AEeWqXg7D-Kwb-Q",2
"lPnnmgiwEeWCQyIAC5XEog@10","7","s63rN29ZEeWb4g4qCdqdUQ",2
"lPnnmgiwEeWCQyIAC5XEog@10","2","1kkcRW8VEeWWpw7gge8ZbQ",1
"lPnnmgiwEeWCQyIAC5XEog@10","15","jBuUdYJFEeW_TQrOC1clnQ",1
"lPnnmgiwEeWCQyIAC5XEog@10","46","S5DSC4KYEeWZCxLh4264pw",2
"lPnnmgiwEeWCQyIAC5XEog@10","23","Rdd3M2yaEeWb4g4qCdqdUQ",2
"lPnnmgiwEeWCQyIAC5XEog@10","2","s63rN29ZEeWb4g4qCdqdUQ",1
"lPnnmgiwEeWCQyIAC5XEog@10","30","OLX2NXcMEeWDzg4yGnIlTw",2
"lPnnmgiwEeWCQyIAC5XEog@10","27","Rdd3M2yaEeWb4g4qCdqdUQ",1
"lPnnmgiwEeWCQyIAC5XEog@10","30","F6XQkWyjEeWtPhJmZh_6JQ",2
"lPnnmgiwEeWCQyIAC5XEog@10","23","-QosbGqwEeWXygocDxikNQ",2
"lPnnmgiwEeWCQyIAC5XEog@10","27","PfxwDH1EEeWtPhJmZh_6JQ",1
"lPnnmgiwEeWCQyIAC5XEog@10","27","DRRSDWykEeWqXg7D-Kwb-Q",1
"lPnnmgiwEeWCQyIAC5XEog@10","41","tu252WzIEeWb4g4qCdqdUQ",1
"lPnnmgiwEeWCQyIAC5XEog@10","34","F6XQkWyjEeWtPhJmZh_6JQ",2
"lPnnmgiwEeWCQyIAC5XEog@10","11","ck_kHYB3EeWXKRJ71r2fxw",2
"lPnnmgiwEeWCQyIAC5XEog@10","41","JQ4TKW0YEeWpCwrPNVXTlw",1
"lPnnmgiwEeWCQyIAC5XEog@10","30","a45dzmdDEeW_BRK9nue8nw",2
"lPnnmgiwEeWCQyIAC5XEog@10","3","BKnCuX1TEeWDzg4yGnIlTw",1
"lPnnmgiwEeWCQyIAC5XEog@10","7","S5DSC4KYEeWZCxLh4264pw",2
"lPnnmgiwEeWCQyIAC5XEog@10","41","GxKAK2_hEeWPJBI9QEQKiQ",1
"lPnnmgiwEeWCQyIAC5XEog@10","41","ck_kHYB3EeWXKRJ71r2fxw",1
"lPnnmgiwEeWCQyIAC5XEog@10","4","Rdd3M2yaEeWb4g4qCdqdUQ",1
"lPnnmgiwEeWCQyIAC5XEog@10","34","0FIQC3fQEeWgtQq7brjg6Q",2
"lPnnmgiwEeWCQyIAC5XEog@10","41","B7OScH4VEeWv4xJApgpHZw",1
"lPnnmgiwEeWCQyIAC5XEog@10","23","XrqJY2ndEeWWpw7gge8ZbQ",2
"lPnnmgiwEeWCQyIAC5XEog@10","49","s63rN29ZEeWb4g4qCdqdUQ",1
"lPnnmgiwEeWCQyIAC5XEog@10","7","I9YTXnVKEeWqXg7D-Kwb-Q",2
"lPnnmgiwEeWCQyIAC5XEog@10","23","ck_kHYB3EeWXKRJ71r2fxw",2
"lPnnmgiwEeWCQyIAC5XEog@10","34","1kkcRW8VEeWWpw7gge8ZbQ",2
"lPnnmgiwEeWCQyIAC5XEog@10","1","GxKAK2_hEeWPJBI9QEQKiQ",1
"lPnnmgiwEeWCQyIAC5XEog@10","30","DRRSDWykEeWqXg7D-Kwb-Q",2
"lPnnmgiwEeWCQyIAC5XEog@10","34","veu9nnW9EeWtPhJmZh_6JQ",2
"lPnnmgiwEeWCQyIAC5XEog@10","46","Rdd3M2yaEeWb4g4qCdqdUQ",2
"lPnnmgiwEeWCQyIAC5XEog@10","27","KW2if24uEeWWpw7gge8ZbQ",1
"lPnnmgiwEeWCQyIAC5XEog@10","7","a45dzmdDEeW_BRK9nue8nw",2
"lPnnmgiwEeWCQyIAC5XEog@10","7","0HhMK3WgEeWDzg4yGnIlTw",2
"lPnnmgiwEeWCQyIAC5XEog@10","3","B7OScH4VEeWv4xJApgpHZw",1
"lPnnmgiwEeWCQyIAC5XEog@10","2","S5DSC4KYEeWZCxLh4264pw",1
"lPnnmgiwEeWCQyIAC5XEog@10","34","pI32XGhEEeWWZw7H3umBFQ",2
"lPnnmgiwEeWCQyIAC5XEog@10","3","sgUsK4F4EeWFDQ4Rhv_F_Q",1
"lPnnmgiwEeWCQyIAC5XEog@10","23","n4LVomZwEeWEHBK0qnR5nQ",2
"lPnnmgiwEeWCQyIAC5XEog@10","34","Rdd3M2yaEeWb4g4qCdqdUQ",2
"lPnnmgiwEeWCQyIAC5XEog@10","49","0HhMK3WgEeWDzg4yGnIlTw",1
"lPnnmgiwEeWCQyIAC5XEog@10","38","0HhMK3WgEeWDzg4yGnIlTw",2
"lPnnmgiwEeWCQyIAC5XEog@10","19","ck_kHYB3EeWXKRJ71r2fxw",2
"lPnnmgiwEeWCQyIAC5XEog@10","34","B7OScH4VEeWv4xJApgpHZw",2
"lPnnmgiwEeWCQyIAC5XEog@10","41","0HhMK3WgEeWDzg4yGnIlTw",1
"lPnnmgiwEeWCQyIAC5XEog@10","45","PfxwDH1EEeWtPhJmZh_6JQ",1
"lPnnmgiwEeWCQyIAC5XEog@10","49","I9YTXnVKEeWqXg7D-Kwb-Q",1
"lPnnmgiwEeWCQyIAC5XEog@10","30","1kkcRW8VEeWWpw7gge8ZbQ",2
"lPnnmgiwEeWCQyIAC5XEog@10","19","S5DSC4KYEeWZCxLh4264pw",2
"lPnnmgiwEeWCQyIAC5XEog@10","30","_BaBZ2bCEeW4ng7YWNlcxQ",2
"lPnnmgiwEeWCQyIAC5XEog@10","49","n4LVomZwEeWEHBK0qnR5nQ",1
"lPnnmgiwEeWCQyIAC5XEog@10","42","ydbgY2c4EeW4ng7YWNlcxQ",2
"lPnnmgiwEeWCQyIAC5XEog@10","30","9PUIoGzzEeWXygocDxikNQ",2
"lPnnmgiwEeWCQyIAC5XEog@10","1","tu252WzIEeWb4g4qCdqdUQ",1
"lPnnmgiwEeWCQyIAC5XEog@10","4","59DMln1-EeWb4g4qCdqdUQ",1
"lPnnmgiwEeWCQyIAC5XEog@10","3","-QosbGqwEeWXygocDxikNQ",1
"lPnnmgiwEeWCQyIAC5XEog@10","38","j-0wLIJXEeWOJwp8z3qGpQ",2
"lPnnmgiwEeWCQyIAC5XEog@10","38","Rdd3M2yaEeWb4g4qCdqdUQ",2
"lPnnmgiwEeWCQyIAC5XEog@10","41","Rdd3M2yaEeWb4g4qCdqdUQ",1
"lPnnmgiwEeWCQyIAC5XEog@10","11","1kkcRW8VEeWWpw7gge8ZbQ",2
"lPnnmgiwEeWCQyIAC5XEog@10","1","1kkcRW8VEeWWpw7gge8ZbQ",1
"lPnnmgiwEeWCQyIAC5XEog@10","41","hLzqJmgAEeW4MQo4aS2dkw",1
"lPnnmgiwEeWCQyIAC5XEog@10","38","KW2if24uEeWWpw7gge8ZbQ",2
"lPnnmgiwEeWCQyIAC5XEog@10","34","jBuUdYJFEeW_TQrOC1clnQ",2
"lPnnmgiwEeWCQyIAC5XEog@10","3","GxKAK2_hEeWPJBI9QEQKiQ",1
"lPnnmgiwEeWCQyIAC5XEog@10","11","9PUIoGzzEeWXygocDxikNQ",2
"lPnnmgiwEeWCQyIAC5XEog@10","30","j-0wLIJXEeWOJwp8z3qGpQ",2
"lPnnmgiwEeWCQyIAC5XEog@10","34","sgUsK4F4EeWFDQ4Rhv_F_Q",2
"lPnnmgiwEeWCQyIAC5XEog@10","42","ck_kHYB3EeWXKRJ71r2fxw",2
"lPnnmgiwEeWCQyIAC5XEog@10","1","sgUsK4F4EeWFDQ4Rhv_F_Q",1
"lPnnmgiwEeWCQyIAC5XEog@10","42","s63rN29ZEeWb4g4qCdqdUQ",2
"lPnnmgiwEeWCQyIAC5XEog@10","45","_BaBZ2bCEeW4ng7YWNlcxQ",1
"lPnnmgiwEeWCQyIAC5XEog@10","30","hLzqJmgAEeW4MQo4aS2dkw",2
"lPnnmgiwEeWCQyIAC5XEog@10","11","s63rN29ZEeWb4g4qCdqdUQ",2
"lPnnmgiwEeWCQyIAC5XEog@10","11","XrqJY2ndEeWWpw7gge8ZbQ",2
"lPnnmgiwEeWCQyIAC5XEog@10","11","hLzqJmgAEeW4MQo4aS2dkw",2
"lPnnmgiwEeWCQyIAC5XEog@10","4","I9YTXnVKEeWqXg7D-Kwb-Q",1
"lPnnmgiwEeWCQyIAC5XEog@10","7","B7OScH4VEeWv4xJApgpHZw",2
"lPnnmgiwEeWCQyIAC5XEog@10","34","tu252WzIEeWb4g4qCdqdUQ",2
"lPnnmgiwEeWCQyIAC5XEog@10","4","BKnCuX1TEeWDzg4yGnIlTw",1
"lPnnmgiwEeWCQyIAC5XEog@10","23","F6XQkWyjEeWtPhJmZh_6JQ",2
"lPnnmgiwEeWCQyIAC5XEog@10","34","ZP8C6XIdEeWgtQq7brjg6Q",2
"lPnnmgiwEeWCQyIAC5XEog@10","49","KW2if24uEeWWpw7gge8ZbQ",1
"lPnnmgiwEeWCQyIAC5XEog@10","49","Rdd3M2yaEeWb4g4qCdqdUQ",1
"lPnnmgiwEeWCQyIAC5XEog@10","4","hLzqJmgAEeW4MQo4aS2dkw",1
"lPnnmgiwEeWCQyIAC5XEog@10","1","b7iyZnVlEeWb4g4qCdqdUQ",1
"lPnnmgiwEeWCQyIAC5XEog@10","34","KW2if24uEeWWpw7gge8ZbQ",2
"lPnnmgiwEeWCQyIAC5XEog@10","2","0HhMK3WgEeWDzg4yGnIlTw",1
"lPnnmgiwEeWCQyIAC5XEog@10","45","miU9s2l1EeWgtQq7brjg6Q",1
"lPnnmgiwEeWCQyIAC5XEog@10","46","1kkcRW8VEeWWpw7gge8ZbQ",2
"lPnnmgiwEeWCQyIAC5XEog@10","30","n4LVomZwEeWEHBK0qnR5nQ",2
"lPnnmgiwEeWCQyIAC5XEog@10","15","JQ4TKW0YEeWpCwrPNVXTlw",1
"lPnnmgiwEeWCQyIAC5XEog@10","7","9PUIoGzzEeWXygocDxikNQ",2
"lPnnmgiwEeWCQyIAC5XEog@10","38","-QosbGqwEeWXygocDxikNQ",2
"lPnnmgiwEeWCQyIAC5XEog@10","46","B7OScH4VEeWv4xJApgpHZw",2
"lPnnmgiwEeWCQyIAC5XEog@10","11","veu9nnW9EeWtPhJmZh_6JQ",2
"lPnnmgiwEeWCQyIAC5XEog@10","23","0FIQC3fQEeWgtQq7brjg6Q",2
"lPnnmgiwEeWCQyIAC5XEog@10","7","KW2if24uEeWWpw7gge8ZbQ",2
"lPnnmgiwEeWCQyIAC5XEog@10","2","a45dzmdDEeW_BRK9nue8nw",1
"lPnnmgiwEeWCQyIAC5XEog@10","19","PfxwDH1EEeWtPhJmZh_6JQ",2
"lPnnmgiwEeWCQyIAC5XEog@10","42","1kkcRW8VEeWWpw7gge8ZbQ",2
"lPnnmgiwEeWCQyIAC5XEog@10","19","s63rN29ZEeWb4g4qCdqdUQ",2
"lPnnmgiwEeWCQyIAC5XEog@10","49","59DMln1-EeWb4g4qCdqdUQ",1
"lPnnmgiwEeWCQyIAC5XEog@10","4","_BaBZ2bCEeW4ng7YWNlcxQ",1
"lPnnmgiwEeWCQyIAC5XEog@10","42","DRRSDWykEeWqXg7D-Kwb-Q",2
"lPnnmgiwEeWCQyIAC5XEog@10","4","j-0wLIJXEeWOJwp8z3qGpQ",1
"lPnnmgiwEeWCQyIAC5XEog@10","34","ck_kHYB3EeWXKRJ71r2fxw",2
"lPnnmgiwEeWCQyIAC5XEog@10","23","pI32XGhEEeWWZw7H3umBFQ",2
"lPnnmgiwEeWCQyIAC5XEog@10","2","pI32XGhEEeWWZw7H3umBFQ",1
"lPnnmgiwEeWCQyIAC5XEog@10","49","DRRSDWykEeWqXg7D-Kwb-Q",1
"lPnnmgiwEeWCQyIAC5XEog@10","3","0FIQC3fQEeWgtQq7brjg6Q",1
"lPnnmgiwEeWCQyIAC5XEog@10","2","jBuUdYJFEeW_TQrOC1clnQ",1
"lPnnmgiwEeWCQyIAC5XEog@10","3","9PUIoGzzEeWXygocDxikNQ",1
"lPnnmgiwEeWCQyIAC5XEog@10","19","OLX2NXcMEeWDzg4yGnIlTw",2
"lPnnmgiwEeWCQyIAC5XEog@10","1","ck_kHYB3EeWXKRJ71r2fxw",1
"lPnnmgiwEeWCQyIAC5XEog@10","30","PfxwDH1EEeWtPhJmZh_6JQ",2
"lPnnmgiwEeWCQyIAC5XEog@10","19","B7OScH4VEeWv4xJApgpHZw",2
"lPnnmgiwEeWCQyIAC5XEog@10","42","n4LVomZwEeWEHBK0qnR5nQ",2
"lPnnmgiwEeWCQyIAC5XEog@10","4","4kdPwW0AEeWqXg7D-Kwb-Q",1
"lPnnmgiwEeWCQyIAC5XEog@10","2","OLX2NXcMEeWDzg4yGnIlTw",1
"lPnnmgiwEeWCQyIAC5XEog@10","19","JQ4TKW0YEeWpCwrPNVXTlw",2
"lPnnmgiwEeWCQyIAC5XEog@10","27","GxKAK2_hEeWPJBI9QEQKiQ",1
"lPnnmgiwEeWCQyIAC5XEog@10","3","PfxwDH1EEeWtPhJmZh_6JQ",1
"lPnnmgiwEeWCQyIAC5XEog@10","2","miU9s2l1EeWgtQq7brjg6Q",1
"lPnnmgiwEeWCQyIAC5XEog@10","23","ydbgY2c4EeW4ng7YWNlcxQ",2
"lPnnmgiwEeWCQyIAC5XEog@10","23","KW2if24uEeWWpw7gge8ZbQ",2
"lPnnmgiwEeWCQyIAC5XEog@10","4","a45dzmdDEeW_BRK9nue8nw",1
"mOdhnQjIEeWRIiIAC9lFJw@12","23","WykFa2_vEeWPJBI9QEQKiQ",2
"mOdhnQjIEeWRIiIAC9lFJw@12","2","IS5HRnAAEeWgtQq7brjg6Q",2
"mOdhnQjIEeWRIiIAC9lFJw@12","2","30hhNn4PEeWU3RJpSD4VQQ",2
"mOdhnQjIEeWRIiIAC9lFJw@12","12","GrTPOH1UEeWPJBI9QEQKiQ",3
"mOdhnQjIEeWRIiIAC9lFJw@12","8","N5a2pHb_EeWpCwrPNVXTlw",2
"mOdhnQjIEeWRIiIAC9lFJw@12","1","zC4MRnfUEeWWpw7gge8ZbQ",1
"mOdhnQjIEeWRIiIAC9lFJw@12","27","dqw8ZncMEeWdPxJ-h_8T7w",3
"mOdhnQjIEeWRIiIAC9lFJw@12","1","N5a2pHb_EeWpCwrPNVXTlw",1
"mOdhnQjIEeWRIiIAC9lFJw@12","2","qYcibW_-EeWWpw7gge8ZbQ",2
"mOdhnQjIEeWRIiIAC9lFJw@12","12","N5a2pHb_EeWpCwrPNVXTlw",3
"mOdhnQjIEeWRIiIAC9lFJw@12","8","HqvVk4IVEeWXhBLVaZurhQ",2
"mOdhnQjIEeWRIiIAC9lFJw@12","23","I2QwSYz2EeWxBRJyFAq9aQ",2
"mOdhnQjIEeWRIiIAC9lFJw@12","23","pxdc4nWzEeWGywq_F70CwQ",2
"mOdhnQjIEeWRIiIAC9lFJw@12","2","B5n3EX_vEeWtPQ4SI9a3Aw",2
"mOdhnQjIEeWRIiIAC9lFJw@12","5","_CyPt3W0EeWpCwrPNVXTlw",2
"mOdhnQjIEeWRIiIAC9lFJw@12","23","ahbsWWw9EeWDzg4yGnIlTw",2
"mOdhnQjIEeWRIiIAC9lFJw@12","1","OTkmj53gEeWGxBJdkUHhbw",1
"mOdhnQjIEeWRIiIAC9lFJw@12","1","mYCoimy-EeWXygocDxikNQ",1
"mOdhnQjIEeWRIiIAC9lFJw@12","1","_CyPt3W0EeWpCwrPNVXTlw",1
"mOdhnQjIEeWRIiIAC9lFJw@12","27","zkhp7G7gEeWWpw7gge8ZbQ",3
"mOdhnQjIEeWRIiIAC9lFJw@12","18","9dPj1XSoEeWXygocDxikNQ",4
"mOdhnQjIEeWRIiIAC9lFJw@12","8","2GRmVmpZEeWy9BLlActDnw",2
"mOdhnQjIEeWRIiIAC9lFJw@12","18","IS5HRnAAEeWgtQq7brjg6Q",4
"mOdhnQjIEeWRIiIAC9lFJw@12","32","GrTPOH1UEeWPJBI9QEQKiQ",2
"mOdhnQjIEeWRIiIAC9lFJw@12","12","zkhp7G7gEeWWpw7gge8ZbQ",3
"mOdhnQjIEeWRIiIAC9lFJw@12","8","dqw8ZncMEeWdPxJ-h_8T7w",2
"mOdhnQjIEeWRIiIAC9lFJw@12","32","I2QwSYz2EeWxBRJyFAq9aQ",2
"mOdhnQjIEeWRIiIAC9lFJw@12","8","I2QwSYz2EeWxBRJyFAq9aQ",2
"mOdhnQjIEeWRIiIAC9lFJw@12","18","OTkmj53gEeWGxBJdkUHhbw",4
"mOdhnQjIEeWRIiIAC9lFJw@12","23","zC4MRnfUEeWWpw7gge8ZbQ",2
"mOdhnQjIEeWRIiIAC9lFJw@12","32","OTkmj53gEeWGxBJdkUHhbw",2
"mOdhnQjIEeWRIiIAC9lFJw@12","27","mYCoimy-EeWXygocDxikNQ",3
"mOdhnQjIEeWRIiIAC9lFJw@12","12","lMriv3VsEeWdPxJ-h_8T7w",3
"mOdhnQjIEeWRIiIAC9lFJw@12","8","_RJ_c26yEeWgtQq7brjg6Q",2
"mOdhnQjIEeWRIiIAC9lFJw@12","18","vHGWDH1-EeWgtQq7brjg6Q",4
"mOdhnQjIEeWRIiIAC9lFJw@12","8","mYCoimy-EeWXygocDxikNQ",2
"Yt0OUgjCEeWk6iIAC3_PpA@12","27","eGfj_G1vEeWy9BLlActDnw",1
"Yt0OUgjCEeWk6iIAC3_PpA@12","10","9AVp6n1MEeWPJBI9QEQKiQ",3
"Yt0OUgjCEeWk6iIAC3_PpA@12","27","wpQdaW4lEeWGywq_F70CwQ",1
"Yt0OUgjCEeWk6iIAC3_PpA@12","10","qPkCd4F7EeWe6Qot63L7mQ",3
"Yt0OUgjCEeWk6iIAC3_PpA@12","4","iq_8h2l0EeWXygocDxikNQ",1
"Yt0OUgjCEeWk6iIAC3_PpA@12","1","eGfj_G1vEeWy9BLlActDnw",1
"Yt0OUgjCEeWk6iIAC3_PpA@12","26","eGfj_G1vEeWy9BLlActDnw",1
"Yt0OUgjCEeWk6iIAC3_PpA@12","26","y_EHh3-aEeWBgBJ0MIzgQw",1
"Yt0OUgjCEeWk6iIAC3_PpA@12","4","y_EHh3-aEeWBgBJ0MIzgQw",1
"Yt0OUgjCEeWk6iIAC3_PpA@12","20","cG_x4oB9EeWe6Qot63L7mQ",3
"Yt0OUgjCEeWk6iIAC3_PpA@12","4","cG_x4oB9EeWe6Qot63L7mQ",1
"Yt0OUgjCEeWk6iIAC3_PpA@12","10","twbSnXIXEeWXygocDxikNQ",3
"Yt0OUgjCEeWk6iIAC3_PpA@12","4","AQP4F2eaEeWRsgp-oDfn8w",1
"Yt0OUgjCEeWk6iIAC3_PpA@12","7","hjJTWmeOEeWn7w41YP_VgQ",1
"Yt0OUgjCEeWk6iIAC3_PpA@12","27","AQP4F2eaEeWRsgp-oDfn8w",1
"Yt0OUgjCEeWk6iIAC3_PpA@12","10","NmlGq2ZvEeW1ShIhri4C5Q",0
"Yt0OUgjCEeWk6iIAC3_PpA@12","15","ETN7xXNREeWb4g4qCdqdUQ",3
"Yt0OUgjCEeWk6iIAC3_PpA@12","15","mXpi1X0YEeWqXg7D-Kwb-Q",3
"Yt0OUgjCEeWk6iIAC3_PpA@12","28","Dhtd5H0jEeWdPxJ-h_8T7w",1
"Yt0OUgjCEeWk6iIAC3_PpA@12","27","Dhtd5H0jEeWdPxJ-h_8T7w",1
"Yt0OUgjCEeWk6iIAC3_PpA@12","7","H2-87XWoEeWtPhJmZh_6JQ",1
"Yt0OUgjCEeWk6iIAC3_PpA@12","10","9yrwsXWDEeWgtQq7brjg6Q",3
"Yt0OUgjCEeWk6iIAC3_PpA@12","7","eGfj_G1vEeWy9BLlActDnw",1
"Yt0OUgjCEeWk6iIAC3_PpA@12","20","myLfn31EEeWGywq_F70CwQ",3
"Yt0OUgjCEeWk6iIAC3_PpA@12","10","dre1WXInEeWgtQq7brjg6Q",3
"Yt0OUgjCEeWk6iIAC3_PpA@12","10","myLfn31EEeWGywq_F70CwQ",3
"Yt0OUgjCEeWk6iIAC3_PpA@12","26","sCZkpGhLEeWn7w41YP_VgQ",1
"Yt0OUgjCEeWk6iIAC3_PpA@12","20","c0kMunToEeWy9BLlActDnw",3
"Yt0OUgjCEeWk6iIAC3_PpA@12","26","qPkCd4F7EeWe6Qot63L7mQ",1
"Yt0OUgjCEeWk6iIAC3_PpA@12","7","cG_x4oB9EeWe6Qot63L7mQ",1
"Yt0OUgjCEeWk6iIAC3_PpA@12","7","NmlGq2ZvEeW1ShIhri4C5Q",0
"Yt0OUgjCEeWk6iIAC3_PpA@12","15","u13vqGcjEeW4ng7YWNlcxQ",3
"Yt0OUgjCEeWk6iIAC3_PpA@12","7","6Omn3nWSEeWDzg4yGnIlTw",1
"Yt0OUgjCEeWk6iIAC3_PpA@12","20","9AVp6n1MEeWPJBI9QEQKiQ",3
"Yt0OUgjCEeWk6iIAC3_PpA@12","26","H2-87XWoEeWtPhJmZh_6JQ",1
"Yt0OUgjCEeWk6iIAC3_PpA@12","10","hjJTWmeOEeWn7w41YP_VgQ",3
"Yt0OUgjCEeWk6iIAC3_PpA@12","26","9yrwsXWDEeWgtQq7brjg6Q",1
"Yt0OUgjCEeWk6iIAC3_PpA@12","15","NmlGq2ZvEeW1ShIhri4C5Q",0
"Yt0OUgjCEeWk6iIAC3_PpA@12","27","a2iZA3O1EeWqXg7D-Kwb-Q",1
"Yt0OUgjCEeWk6iIAC3_PpA@12","20","Dhtd5H0jEeWdPxJ-h_8T7w",3
"Yt0OUgjCEeWk6iIAC3_PpA@12","7","qPkCd4F7EeWe6Qot63L7mQ",1
"Yt0OUgjCEeWk6iIAC3_PpA@12","10","mXpi1X0YEeWqXg7D-Kwb-Q",3
"Yt0OUgjCEeWk6iIAC3_PpA@12","28","8B3gXWq2EeWXygocDxikNQ",1
"Yt0OUgjCEeWk6iIAC3_PpA@12","26","lcT_cYJTEeWwyg6oWwzVsw",1
"Yt0OUgjCEeWk6iIAC3_PpA@12","27","sQziY4JZEeW93g4-ZzZ2VQ",1
"lPnnmgiwEeWCQyIAC5XEog@10","38","veu9nnW9EeWtPhJmZh_6JQ",2
"lPnnmgiwEeWCQyIAC5XEog@10","4","ck_kHYB3EeWXKRJ71r2fxw",1
"lPnnmgiwEeWCQyIAC5XEog@10","4","1kkcRW8VEeWWpw7gge8ZbQ",1
"lPnnmgiwEeWCQyIAC5XEog@10","15","ck_kHYB3EeWXKRJ71r2fxw",1
"lPnnmgiwEeWCQyIAC5XEog@10","23","jBuUdYJFEeW_TQrOC1clnQ",2
"lPnnmgiwEeWCQyIAC5XEog@10","45","n4LVomZwEeWEHBK0qnR5nQ",1
"lPnnmgiwEeWCQyIAC5XEog@10","34","hLzqJmgAEeW4MQo4aS2dkw",2
"lPnnmgiwEeWCQyIAC5XEog@10","3","59DMln1-EeWb4g4qCdqdUQ",1
"lPnnmgiwEeWCQyIAC5XEog@10","38","a45dzmdDEeW_BRK9nue8nw",2
"lPnnmgiwEeWCQyIAC5XEog@10","42","_BaBZ2bCEeW4ng7YWNlcxQ",2
"lPnnmgiwEeWCQyIAC5XEog@10","45","59DMln1-EeWb4g4qCdqdUQ",1
"lPnnmgiwEeWCQyIAC5XEog@10","34","0HhMK3WgEeWDzg4yGnIlTw",2
"lPnnmgiwEeWCQyIAC5XEog@10","49","B7OScH4VEeWv4xJApgpHZw",1
"lPnnmgiwEeWCQyIAC5XEog@10","38","ck_kHYB3EeWXKRJ71r2fxw",2
"lPnnmgiwEeWCQyIAC5XEog@10","30","0HhMK3WgEeWDzg4yGnIlTw",2
"lPnnmgiwEeWCQyIAC5XEog@10","27","sgUsK4F4EeWFDQ4Rhv_F_Q",1
"lPnnmgiwEeWCQyIAC5XEog@10","41","PfxwDH1EEeWtPhJmZh_6JQ",1
"lPnnmgiwEeWCQyIAC5XEog@10","30","tu252WzIEeWb4g4qCdqdUQ",2
"lPnnmgiwEeWCQyIAC5XEog@10","7","4kdPwW0AEeWqXg7D-Kwb-Q",2
"lPnnmgiwEeWCQyIAC5XEog@10","41","a45dzmdDEeW_BRK9nue8nw",1
"lPnnmgiwEeWCQyIAC5XEog@10","45","s63rN29ZEeWb4g4qCdqdUQ",1
"lPnnmgiwEeWCQyIAC5XEog@10","15","KW2if24uEeWWpw7gge8ZbQ",1
"lPnnmgiwEeWCQyIAC5XEog@10","19","b7iyZnVlEeWb4g4qCdqdUQ",2
"lPnnmgiwEeWCQyIAC5XEog@10","7","F6XQkWyjEeWtPhJmZh_6JQ",2
"lPnnmgiwEeWCQyIAC5XEog@10","19","n4LVomZwEeWEHBK0qnR5nQ",2
"lPnnmgiwEeWCQyIAC5XEog@10","46","BKnCuX1TEeWDzg4yGnIlTw",2
"lPnnmgiwEeWCQyIAC5XEog@10","1","S5DSC4KYEeWZCxLh4264pw",1
"lPnnmgiwEeWCQyIAC5XEog@10","2","JQ4TKW0YEeWpCwrPNVXTlw",1
"lPnnmgiwEeWCQyIAC5XEog@10","34","XrqJY2ndEeWWpw7gge8ZbQ",2
"lPnnmgiwEeWCQyIAC5XEog@10","2","F6XQkWyjEeWtPhJmZh_6JQ",1
"lPnnmgiwEeWCQyIAC5XEog@10","49","F6XQkWyjEeWtPhJmZh_6JQ",1
"lPnnmgiwEeWCQyIAC5XEog@10","15","tu252WzIEeWb4g4qCdqdUQ",1
"lPnnmgiwEeWCQyIAC5XEog@10","34","s63rN29ZEeWb4g4qCdqdUQ",2
"lPnnmgiwEeWCQyIAC5XEog@10","11","miU9s2l1EeWgtQq7brjg6Q",2
"lPnnmgiwEeWCQyIAC5XEog@10","49","ZP8C6XIdEeWgtQq7brjg6Q",1
"lPnnmgiwEeWCQyIAC5XEog@10","15","OLX2NXcMEeWDzg4yGnIlTw",1
"lPnnmgiwEeWCQyIAC5XEog@10","2","0FIQC3fQEeWgtQq7brjg6Q",1
"lPnnmgiwEeWCQyIAC5XEog@10","15","PfxwDH1EEeWtPhJmZh_6JQ",1
"lPnnmgiwEeWCQyIAC5XEog@10","23","GxKAK2_hEeWPJBI9QEQKiQ",2
"lPnnmgiwEeWCQyIAC5XEog@10","42","BKnCuX1TEeWDzg4yGnIlTw",2
"lPnnmgiwEeWCQyIAC5XEog@10","46","-QosbGqwEeWXygocDxikNQ",2
"lPnnmgiwEeWCQyIAC5XEog@10","38","s63rN29ZEeWb4g4qCdqdUQ",2
"lPnnmgiwEeWCQyIAC5XEog@10","41","ZP8C6XIdEeWgtQq7brjg6Q",1
"lPnnmgiwEeWCQyIAC5XEog@10","7","OLX2NXcMEeWDzg4yGnIlTw",2
"lPnnmgiwEeWCQyIAC5XEog@10","34","BKnCuX1TEeWDzg4yGnIlTw",2
"lPnnmgiwEeWCQyIAC5XEog@10","11","0HhMK3WgEeWDzg4yGnIlTw",2
"lPnnmgiwEeWCQyIAC5XEog@10","2","j-0wLIJXEeWOJwp8z3qGpQ",1
"lPnnmgiwEeWCQyIAC5XEog@10","45","9PUIoGzzEeWXygocDxikNQ",1
"lPnnmgiwEeWCQyIAC5XEog@10","41","XrqJY2ndEeWWpw7gge8ZbQ",1
"lPnnmgiwEeWCQyIAC5XEog@10","23","B7OScH4VEeWv4xJApgpHZw",2
"lPnnmgiwEeWCQyIAC5XEog@10","42","ZP8C6XIdEeWgtQq7brjg6Q",2
"lPnnmgiwEeWCQyIAC5XEog@10","4","0HhMK3WgEeWDzg4yGnIlTw",1
"lPnnmgiwEeWCQyIAC5XEog@10","46","59DMln1-EeWb4g4qCdqdUQ",2
"lPnnmgiwEeWCQyIAC5XEog@10","27","XrqJY2ndEeWWpw7gge8ZbQ",1
"lPnnmgiwEeWCQyIAC5XEog@10","49","ck_kHYB3EeWXKRJ71r2fxw",1
"lPnnmgiwEeWCQyIAC5XEog@10","38","0FIQC3fQEeWgtQq7brjg6Q",2
"lPnnmgiwEeWCQyIAC5XEog@10","4","JQ4TKW0YEeWpCwrPNVXTlw",1
"lPnnmgiwEeWCQyIAC5XEog@10","34","b7iyZnVlEeWb4g4qCdqdUQ",2
"lPnnmgiwEeWCQyIAC5XEog@10","11","0FIQC3fQEeWgtQq7brjg6Q",2
"lPnnmgiwEeWCQyIAC5XEog@10","15","sgUsK4F4EeWFDQ4Rhv_F_Q",1
"lPnnmgiwEeWCQyIAC5XEog@10","42","4kdPwW0AEeWqXg7D-Kwb-Q",2
"lPnnmgiwEeWCQyIAC5XEog@10","46","I9YTXnVKEeWqXg7D-Kwb-Q",2
"lPnnmgiwEeWCQyIAC5XEog@10","7","BKnCuX1TEeWDzg4yGnIlTw",2
"lPnnmgiwEeWCQyIAC5XEog@10","4","b7iyZnVlEeWb4g4qCdqdUQ",1
"lPnnmgiwEeWCQyIAC5XEog@10","11","KW2if24uEeWWpw7gge8ZbQ",2
"lPnnmgiwEeWCQyIAC5XEog@10","23","ZP8C6XIdEeWgtQq7brjg6Q",2
"lPnnmgiwEeWCQyIAC5XEog@10","30","KW2if24uEeWWpw7gge8ZbQ",2
"lPnnmgiwEeWCQyIAC5XEog@10","34","miU9s2l1EeWgtQq7brjg6Q",2
"lPnnmgiwEeWCQyIAC5XEog@10","15","0HhMK3WgEeWDzg4yGnIlTw",1
"lPnnmgiwEeWCQyIAC5XEog@10","42","XrqJY2ndEeWWpw7gge8ZbQ",2
"lPnnmgiwEeWCQyIAC5XEog@10","45","0FIQC3fQEeWgtQq7brjg6Q",1
"lPnnmgiwEeWCQyIAC5XEog@10","38","_BaBZ2bCEeW4ng7YWNlcxQ",2
