discussion_question_id,taiwan_discussions_user_id,discussion_question_title,discussion_question_details,discussion_question_context_type,course_id,course_module_id,course_item_id,discussion_forum_id,country_cd,group_id,discussion_question_created_ts,discussion_question_updated_ts
"moDdDRVjEeWYoCIAC5MBcw",d80c9b0f1ea4694140761ba1b93a5fc0ff051c6e,"手绘正方框","<co-content><text>老師，視頻上面有個繪畫邊框的題目，怎麼樣確定兩條直線成九十度額，謝謝。</text></co-content>","module","POZJ3uOtEeSoXCIACw4Gzg","OaWEV","","","","",2015-06-18 02:42:04.275,2015-06-18 02:42:04.275
"YaWVdmXREeWEHBK0qnR5nQ",0667c5dedb21c5c51512883adc2e8e0df7cc2532,"单词错误","<co-content><text>第13：04 实线英文应该叫visible line</text></co-content>","item","POZJ3uOtEeSoXCIACw4Gzg","","g4SnF","","","",2015-09-28 11:09:26.548,2015-09-28 11:09:26.548
"kcaBe8XGEeWjNw6BzriyBQ",da7adc4d384b7bfa9785879b0d6941a11635bc20,"6：09时，为何正视图圆柱间相交投影出的弧线半径 r 和竖直圆柱半径 R 相等？谢谢","<co-content><text>6：09时，为何正视图圆柱间相交投影出的弧线半径 r 和竖直圆柱半径 R 相等？谢谢……</text></co-content>","item","POZJ3uOtEeSoXCIACw4Gzg","","MvXQX","","","",2016-01-28 13:53:54.457,2016-01-28 13:53:54.457
"q51KkyfuEeWo2yIACzUEBg",da7adc4d384b7bfa9785879b0d6941a11635bc20,"弧度和角度之间如何切换","<co-content><text> 虽然可能实际应用中不是这样的，但是如果遇到不是用角度而是用弧度来表示的角有</text></co-content>","item","POZJ3uOtEeSoXCIACw4Gzg","","iFuUg","","","",2015-07-11 17:02:53.958,2015-07-11 17:02:53.958
"-ce3YMXGEeWdGw5KNOdybw",da7adc4d384b7bfa9785879b0d6941a11635bc20,"6：09时，为何正视图圆柱间相交投影出的弧线半径 r 和竖直圆柱半径 R 相等？谢谢","<co-content><text>6：09时，为何正视图圆柱间相交投影出的弧线半径 r 和竖直圆柱半径 R 相等？谢谢</text></co-content>","item","POZJ3uOtEeSoXCIACw4Gzg","","MvXQX","","","",2016-01-28 13:56:48.948,2016-01-28 13:56:48.948
"8jn6plxrEeWWvApdRud_EQ",5d171d77aca8d9ec29c62978fb8fa061eac4dc7d,"平行四边形法画椭圆的内容有一个点的字母写错了","<co-content><text>步骤四那里 应该是D点与1，2，3连接 而不是pdf中写的C点</text></co-content>","item","POZJ3uOtEeSoXCIACw4Gzg","","cFvam","","","",2015-09-16 12:10:39.981,2015-09-16 12:10:39.981
"DwoNA1L1EeWUBw792DK9fQ",5d171d77aca8d9ec29c62978fb8fa061eac4dc7d,"第三周的正确性检验","<co-content><text>请问这个绘图我是按照比例绘制的，但是不知道答案用的多长的单位，所以一直不对，有没有同学正确的？另外三个练习和这个检验计做分数么？第一次正式上这个课，不太懂0 0</text></co-content>","module","POZJ3uOtEeSoXCIACw4Gzg","OaWEV","","","","",2015-09-04 11:06:57.745,2015-09-04 11:11:03.607
"FJLUQUIoEeWTMBKhOZsGeQ",bc2e2ca92103f409422ba38a8cba6b82b7d07a5e,"極座標","<co-content><text>輸入345度可以，但是-15度不行，結果是+1度的結果，為什麼？</text></co-content>","item","POZJ3uOtEeSoXCIACw4Gzg","","iFuUg","","","",2015-08-14 01:59:21.596,2015-08-14 01:59:21.596
"QP2PwhprEeWM2iIAC0KUpw",5b480b3db2da4decfab3e2e9d014ca09705da3ef,"305 CAD绘制圆形中做第二个切线","<co-content><text>做第二个切线时，和第一个切线一样的步骤，可输入-45之后，显示的线是从第一条切线下来的（第二条切线不是连着圆心，而是连着第一条切线的末尾）应该怎么打？</text><img assetId=\"L7dCIxprEeW9xiIAC9pDjg\" alt=\"\"/><text/></co-content>","module","POZJ3uOtEeSoXCIACw4Gzg","OaWEV","","","","",2015-06-24 12:19:25.885,2015-06-24 12:19:25.885
"jnnrPBmeEeWmISIAC9QOog",5b480b3db2da4decfab3e2e9d014ca09705da3ef,"CAD输入相对坐标时，先输入100，之后按什么键再输入0？","<co-content><text>304 课程中，绘制100x100的正方形，当点选完line之后，先输入100，之后按什么键再输入0？谢谢</text></co-content>","module","POZJ3uOtEeSoXCIACw4Gzg","OaWEV","","","","",2015-06-23 11:54:09.055,2015-06-23 11:54:09.055
"aFQPbKAIEeWHSwq6hrcVGw",e57e63267a7255f9d42bdab566dea7b743bdd1ad,"第六周的手绘作业，没有人啊","<co-content><text>想要评分，但是只有两份作业，而且还有一个的作业提交的是错误的，没有办法评分</text></co-content>","module","POZJ3uOtEeSoXCIACw4Gzg","a0TlK","","","","",2015-12-11 13:09:27.519,2015-12-11 13:09:27.519
"_y9txRZuEeWd3iIAC7VAtA",760ffc2b6166b821921a086afda65ab73fdba4f7,"Finish!","<co-content><text>準備好了</text></co-content>","item","POZJ3uOtEeSoXCIACw4Gzg","","Qm8kd","","","",2015-06-19 10:36:08.818,2015-06-19 10:36:08.818
"IJhWRBQDEeWYoCIAC5MBcw",b303e4355e54c9a5f5a55d0d0e7d638f367981a1,"AutoCAD version","<co-content><text>請問一下 AutoCAD 可以使用其他版本嗎? 例如中文或英文版或是 2008, 教學課程會不會影響呢?</text><text>謝謝.</text></co-content>","item","POZJ3uOtEeSoXCIACw4Gzg","","du7Yk","","","",2015-06-16 08:38:56.898,2015-06-16 08:38:56.898
"9sPxVzgAEeWddiIAC9pDDA",66fc3c9d6c970faffe2fcd5da876b5935ebab641,"第一次画，好激动啊","<co-content><text /><img alt=\"\" assetId=\"xzolEzgAEeWXPgqrOY0lCQ\" /><img alt=\"\" assetId=\"4SooezgAEeWatxI-JeQ4DQ\" /><text /></co-content>","item","POZJ3uOtEeSoXCIACw4Gzg","","iCjGL","","","",2015-08-01 03:54:09.586,2015-08-01 03:54:09.586
"CBjMwztVEeWm9SIAC5HAew",6e0f1bce73e13fc2ba79bfe021706f9b5d545818,"cad我来了！","<co-content><text>希望我能坚持并认真的完成这门课程，大家一起加油吧！</text></co-content>","item","POZJ3uOtEeSoXCIACw4Gzg","","Np8U0","","","",2015-08-05 09:33:29.877,2015-08-05 09:33:29.877
"FyWYmIQuEeWZCxLh4264pw",c7a657076773876324b4f722ba4b835a00caf7e6,"菜鸟的求助信息","<co-content><text>我是新的菜鸟，我开始的每一个视频都在认真看，但是我的网络太太太糟糕了，老师说的画面全部都是花的，老师说的调查问卷我都不知道去哪儿填，如果有热心小伙伴看到请帮助</text></co-content>","module","POZJ3uOtEeSoXCIACw4Gzg","6mmBL","","","","",2015-11-06 02:28:39.637,2015-11-06 02:28:39.637
"kj_dLP2DEeWZDQ5TnbLmpw",6c5d3733fa763d3c9d88732f2c14f44519149ff0,"win8.1 CAD 2015 的安装中说没有net4.5","<co-content><text>但是从office上下下来net 4.5, 它无法安装，说是已安装或有更高版本。</text><text>求教</text></co-content>","module","POZJ3uOtEeSoXCIACw4Gzg","6mmBL","","","","",2016-04-08 12:15:24.087,2016-04-08 12:15:24.087
"e8iZBgBWEeapRBJSZ0Y3Bw",2ad40d6a043a1bc5cc1a25a621521463fb6c7458,"504 隱藏線和中心線視頻中3:20的兩種畫法判定與簡報中不一致","<co-content><text>視頻中為正確 較佳，簡報中為錯誤。</text></co-content>","item","POZJ3uOtEeSoXCIACw4Gzg","","g4SnF","","","",2016-04-12 02:30:12.531,2016-04-12 02:30:12.531
"2uH6IrzqEeWfsw41r6ikDw",bf4c73f1c71ecea9ce9a918e347ed4858807b8e7,"Subtituos en español","<co-content><text>Porfavor su compresion para ingresar la mejor traducción al ingles o español en el mejor caso.</text><text/><text>Saludos, desde Peru.</text></co-content>","item","POZJ3uOtEeSoXCIACw4Gzg","","du7Yk","","","",2016-01-17 07:20:58.528,2016-01-17 07:20:58.528
"ZvPWXZvaEeWzwg7t8Z85Vw",eb03136268bb62a61beb8c8614d4892404c3f9a0,"第三周测试不现实题目图片怎么解决","<co-content><text></text></co-content>","module","POZJ3uOtEeSoXCIACw4Gzg","OaWEV","","","","",2015-12-06 05:30:03.71,2015-12-06 05:30:03.71
"Hi2sqEGvEeWH9A5JyVdXvQ",882a34625b9db3673642ea0d0c5f0b34017a9e9f,"到底是要在3d视角里画等角图还是2d视角里画？","<co-content><text>根据608我觉得老师的意思是在3d视角里画，但画出来用后视图，左视图检查的话会有错（系统分不清楚是两个重合的点中的哪一个），评分的话不知道会不会出错，大家是怎么想的？</text></co-content>","module","POZJ3uOtEeSoXCIACw4Gzg","a0TlK","","","","",2015-08-13 11:33:28.606,2015-08-13 11:33:28.606
"lSOYc0DuEeW1pBJNnBi9Yw",882a34625b9db3673642ea0d0c5f0b34017a9e9f,"45度角镜射应该一次就够了吧？？？","<co-content><text>45度角镜射应该一次就够了吧？？？</text></co-content>","item","POZJ3uOtEeSoXCIACw4Gzg","","Q3ydh","","","",2015-08-12 12:35:15.32,2015-08-12 12:35:15.32
"i2VvWk7REeWUBw792DK9fQ",63baa56d09872cabb2a274cc1dbcc0ceae532774,"绘圆问题贴","<co-content><text>请教在圆形图上绘制线段，输入线段长度后怎样调出</text></co-content>","module","POZJ3uOtEeSoXCIACw4Gzg","OaWEV","","","","",2015-08-30 04:42:39.848,2015-08-30 04:42:39.848
"yiRMy5wZEeWRtBLzPmz2Ow",ed714ee71cec0e30ab06b140a953395b3293510f,"太卡，是怎么回事","<co-content><text>卡死了</text></co-content>","item","POZJ3uOtEeSoXCIACw4Gzg","","HD5V6","","","",2015-12-06 13:03:48.416,2015-12-06 13:03:48.416
"PTqZlunTEeWcTQpIg9bO1w",5a1912189a3bd1c92b87dbb1ea59bf6eca379e66,"Mac影响课程吗","<co-content><text>老师  我的电脑是Mac 安装了Mac版 影响学习吗</text></co-content>","module","POZJ3uOtEeSoXCIACw4Gzg","6mmBL","","","","",2016-03-14 10:55:17.929,2016-03-14 10:55:17.929
"AzTGsBPKEeWM2iIAC0KUpw",ba07638a40e672bb0cc569b693cab9be37c19d01,"Autodesk的网站改版了 视频里的链接并不适用 我在内容里贴了注册账户前的链接","<co-content><text>http://www.autodesk.com/education/free-software/autocad </text></co-content>","item","POZJ3uOtEeSoXCIACw4Gzg","","du7Yk","","","",2015-06-16 01:50:06.278,2015-06-16 01:57:11.993
"iatAdBfWEeWYoCIAC5MBcw",4cbe59d0a3abee602f70c93a76e971c8c7ec5a21,"Free software download for students & educators","<co-content><text>hi, </text><text>I am trying to download the free software but I can't read in Chinese. Could somebody please translate in English which school I have to mention when creating my account. Is it National Taiwan University?</text></co-content>","course","POZJ3uOtEeSoXCIACw4Gzg","","","","","",2015-06-21 05:29:50.481,2015-06-21 05:29:50.481
"JtE9ATdWEeWF2iIACyygBg",debe998bc157c505385fb0724e7cd48f8d5c5bee,"找不到提示視窗","<co-content><text>老師您好，請問要如何開啟以下這個功能提示式窗呢？</text><text>ROTATE指定旋轉角度或[複製(C) 參考(R)]</text></co-content>","item","POZJ3uOtEeSoXCIACw4Gzg","","OXneB","","","",2015-07-31 07:31:26.263,2015-07-31 07:31:26.263
"KoTQfDT_EeWNVyIAC0uErA",debe998bc157c505385fb0724e7cd48f8d5c5bee,"提示對話框如何開啟?","<co-content><text>老師您好，我使用的是AutoCad 2016英文版。一開始有一個對話框，告訴使用者目前進行的動作、以及此刻有哪些快捷鍵可使用。我不小心把它關閉了，要如何再次開啟呢？</text></co-content>","module","POZJ3uOtEeSoXCIACw4Gzg","OaWEV","","","","",2015-07-28 08:03:43.932,2015-07-28 08:03:43.932
"li24SjUHEeWNVyIAC0uErA",debe998bc157c505385fb0724e7cd48f8d5c5bee,"虛線(Hidden)選項","<co-content><text>老師您好，我使用的是AutoCad 2016 英文版。我在Properties底下的line type裡面，沒有Hidden這個選項耶。只有By Layer, By Block, Continuous三種。</text></co-content>","item","POZJ3uOtEeSoXCIACw4Gzg","","QvZFq","","","",2015-07-28 09:04:00.529,2015-07-28 09:04:00.529
"huZxqhl3EeWA7CIAC5WDNQ",4f0a01f960b1644467a7747e42050341d025468f,"無法提交反饋","<co-content><text>在審閱並選填完所有項目後 (有不正確項目), 提交反饋時會有 \"提交錯誤, 請重試.\" 的訊息而無法提交.</text></co-content>","module","POZJ3uOtEeSoXCIACw4Gzg","MDbPH","","","","",2015-06-23 07:14:45.972,2015-06-23 07:14:45.972
"G0UqfyLEEeWmISIAC9QOog",6984ab2209f80a79ab89678418d2bb1928178616,"动态输入开与关有什么区别吗","<co-content><text>d</text></co-content>","module","POZJ3uOtEeSoXCIACw4Gzg","OaWEV","","","","",2015-07-05 03:15:37.112,2015-07-05 03:15:37.112
"YpnBOJy3EeWw3Q42UmLfBQ",e96af26b9a243ac95381b5913cb5bff5f0474fbc,"2:42圆柱与方形的交接的主视图有疑问","<co-content><text>我认为主视图需要用虚线标示出圆柱右边的边界</text></co-content>","item","POZJ3uOtEeSoXCIACw4Gzg","","MvXQX","","","",2015-12-07 07:51:55.186,2015-12-07 07:51:55.186
"eb7Sr92hEeWAKgo1CAiqoQ",18dbc8f1906b5df7dc93d809e97c3be213af59ce,"怎么提交作业","<co-content><text>上传以后只能save draft 这算是提交吗，找不到submit的选项。</text></co-content>","item","POZJ3uOtEeSoXCIACw4Gzg","","mc7R4","","","",2016-02-27 22:28:50.669,2016-02-27 22:28:50.669
"Y_Cx-xQ8EeWHGCIACznL2w",986d333961f8b5d57d8b33f0a217159f206516bc,"按照坐标输入线段的时候CAD 默认是绝对坐标应该怎样切换","<co-content><text>按照坐标输入线段的时候CAD 默认是绝对坐标应该怎样切换</text></co-content>","item","POZJ3uOtEeSoXCIACw4Gzg","","iFuUg","","","",2015-06-16 15:28:51.198,2015-06-16 15:28:51.198
"Z0kzQiIbEeWHGCIACznL2w",986d333961f8b5d57d8b33f0a217159f206516bc,"在AUTOCAD中没有看到那么多默认的图层选项是怎么回事?","<co-content><text>在AUTOCAD中没有看到那么多默认的图层选项是怎么回事? 是自行添加吗?如果是自行添加能否有专门的文件或者图片介绍下图层的设置呢?</text></co-content>","item","POZJ3uOtEeSoXCIACw4Gzg","","b0Br8","","","",2015-07-04 07:07:59.698,2015-07-04 07:07:59.698
"lmFlL9k0EeWwoQrbIHhKaQ",59139fc9073288367d4ec381d7cbf3eda444e8b1,"請問 (100,0) 中間的那個點怎麼打?","<co-content><text> 我的, 跟&lt;是一個鍵 我一按 就直接挑到角度去了 根本打不了座標阿~</text></co-content>","item","POZJ3uOtEeSoXCIACw4Gzg","","iFuUg","","","",2016-02-22 07:19:18.916,2016-02-22 07:19:18.916
"mYAD3xmlEeWHGCIACznL2w",b81910dac1005a7f53e176a6078d40155258d6ee,"正五邊形的做法","<co-content><text>為什麼不選擇和正七边形一樣的畫法呢…那樣不是簡單一點嗎？</text></co-content>","module","POZJ3uOtEeSoXCIACw4Gzg","L5nbS","","","","",2015-06-23 12:44:34.027,2015-06-23 12:44:34.027
"ejBUFRUHEeWd3iIAC7VAtA",b81910dac1005a7f53e176a6078d40155258d6ee,"关于视频观看的问题","<co-content><text>在大陆这边看视频真是卡到没话说，缓冲很久看一会，有同样问题的同学吗。有什么解决办法吗？</text></co-content>","course","POZJ3uOtEeSoXCIACw4Gzg","","","","","",2015-06-17 15:42:36.361,2015-06-17 15:42:36.361
"8vgoGRcGEeWHGCIACznL2w",f42fd011afa2c6a4bcd620ee9355ad4f6062c740,"沒辦法啟用僅能試用30天阿@@","<co-content><text>不知道為什麼一直顯示</text><text/><text> 您的線上啟用請求傳回一個錯誤 (400)，不允許使用自動系統處理您的請求。  \\n</text><text>\\n</text><text>請按一下以下「使用其他方式」連結，以完成所需表格並將您的請求提交至當地的 Autodesk 商務中心。客戶服務代表將在兩個工作日內回應。 \\n</text><text/></co-content>","item","POZJ3uOtEeSoXCIACw4Gzg","","du7Yk","","","",2015-06-20 04:43:51.826,2015-06-20 04:43:51.826
"i4SyzUNCEeW-OhK375__6Q",14c2b1a048786f53a9a03dcf54808b4369943a07,"CAD 2015 無法下載","<co-content><text>我的電腦是win10 下載 CAD時說沒看見 .NET 4.5</text><text>我載了並安裝卻無法安裝 win 10 好像要安裝的是  .NET 4.6</text><text>但是網站上沒有連結可以載 </text><text>請問一下有解決的辦法嗎?</text></co-content>","module","POZJ3uOtEeSoXCIACw4Gzg","6mmBL","","","","",2015-08-15 11:41:19.23,2015-08-15 11:41:19.23
"33sjv0MoEeWxOxIbgUSIFQ",14c2b1a048786f53a9a03dcf54808b4369943a07,"序碼無法取得","<co-content><text>We're sorry we cannot provide you with your license details at this time.Possible solutions</text><list bulletType=\"numbers\"><li><text>Wait a few minutes and try again.</text></li><li><text>Use the Download button to download and install your software, and use it in \"trial mode\" for up to 30 days. Return to this page before the trial period ends to obtain your serial number by re-selecting your product's version, language, and operating system.</text></li></list><text><a href=\"javascript:adsk.tools.closeLightbox();\">Close window</a></text></co-content>","item","POZJ3uOtEeSoXCIACw4Gzg","","du7Yk","","","",2015-08-15 08:37:33.181,2015-08-15 08:37:33.181
"ZfcWbZoZEeWNbBIwwhtGwQ",13a238baafcd37c01c4eed6c3129ac2c5d3dd8f8,"大家好，急需作业评分！","<co-content><text>大家好，我还有一周的时间就要到证书颁发截止日了。</text><text>目前我已经完成了所有作业，但5.14，5.15，6.14三个互评作业还没有人评分。</text><text>希望大家有时间可以给我打个分，让我顺利拿到证书！</text><text>我在这里先谢谢大家了！</text><text>Su Wu</text></co-content>","module","POZJ3uOtEeSoXCIACw4Gzg","a0TlK","","","","",2015-12-03 23:55:58.022,2015-12-05 11:47:12.856
"Tt1k3poZEeWWpRIGHRsuuw",13a238baafcd37c01c4eed6c3129ac2c5d3dd8f8,"大家好！急需作业评分！","<co-content><text>大家好，我还有一周的时间就要到证书颁发截止日了。</text><text>目前我已经完成了所有作业，但5.14，5.15，6.14三个互评作业还没有人评分。</text><text>希望大家有时间可以给我打个分，让我顺利拿到证书！</text><text>我在这里先谢谢大家了！</text><text>Su Wu</text></co-content>","module","POZJ3uOtEeSoXCIACw4Gzg","MDbPH","","","","",2015-12-03 23:55:19.266,2015-12-05 11:47:28.481
"WmXkQBQ0EeWHGCIACznL2w",b3b61ec971a2aa84f089fb1128515ca4c5fa2efa,"Transcript of the class","<co-content><text>In other Coursera courses there is the option that allows you to see the transcript of what the teacher says in video. In this course AutoCad 2D, can you see the trnscripción? And if not, what could I do?</text></co-content>","item","POZJ3uOtEeSoXCIACw4Gzg","","7DQYI","","","",2015-06-16 14:31:19.215,2015-06-16 14:31:19.215
"HAcvxBmhEeWA7CIAC5WDNQ",d235fb54ad258037707b6efbade1e76e954d84a5,"新課程是否開設有qq群等平臺用於交流？","<co-content><text>討論區同學提出的部分問題並不影響課程內容的準確性，好比三視圖標題下YU-CHOU CHEN同學提出“在【505 圓柱與曲面慣用表示】約11:42處，其中右側圖，表示挖洞的圓柱的兩條隱藏線是否應左右對稱?”還有蓄勢待發標題下徐曉夏同學提出“字幕好像錯了哦”\\n</text><text>此類問題對同學的參與討論並沒有什麼幫助，如果開設qq群解決此類問題可以提高問題的解答效率。\\n</text><text/></co-content>","forum","POZJ3uOtEeSoXCIACw4Gzg","","","cH5ZNhV6EeWd3iIAC7VAtA","","",2015-06-23 12:12:25.533,2015-06-23 12:12:25.533
"sAl0S2QNEeWEHBK0qnR5nQ",d235fb54ad258037707b6efbade1e76e954d84a5,"作业互评滞后很严重呀","<co-content><text>如图：</text><img assetId=\"hsixkmQNEeWV4Aocv9XvAw\" alt=\"\"/><text>诸位可以自己参与进来评分？</text><text>以帮助各位同学顺利结业，拿到证书？</text></co-content>","forum","POZJ3uOtEeSoXCIACw4Gzg","","","cH5ZNhV6EeWd3iIAC7VAtA","","",2015-09-26 05:16:05.543,2015-09-26 05:16:05.543
"9SnFwRgaEeWmISIAC9QOog",d235fb54ad258037707b6efbade1e76e954d84a5,"學員提出課件錯誤及時核查、更正","<co-content><text>有學員提出「405 拋物線繪製下載後，簡報變成了501 正投影基本概念的PDF」。經實際操作下載，確實有誤。還有學員質疑習題答案有bug。每次學員提出質疑時我們都應該及時核查，盡快給予回復，身為助教沒有權限更正課件錯誤，希望老師們對以上問題及時核查。</text></co-content>","forum","POZJ3uOtEeSoXCIACw4Gzg","","","cH5ZNhV6EeWd3iIAC7VAtA","","",2015-06-21 13:39:36.604,2015-06-21 13:39:36.604
"I-g4rilyEeWmXSIAC00EeA",d235fb54ad258037707b6efbade1e76e954d84a5,"标注设置、比例、出图，看看如醍醐灌顶。","<co-content><text>今天在知乎上看到了一个关于cad制图比例的一个问题，碰巧有幸能够看见，觉得写的甚是通俗易懂，看后如拨云见日、醍醐灌顶，分享链接给给位同学，即便现在不能全部理解也推荐收藏起来。在学习过程中不断温故知新，更好的掌握cad的运用。</text><text>链接附下：看排名第一的回答即可。</text><text><a href=\"http://www.zhihu.com/question/32003888\">http://www.zhihu.com/question/32003888</a></text></co-content>","module","POZJ3uOtEeSoXCIACw4Gzg","vxWbI","","","","",2015-07-13 15:16:31.01,2015-07-13 15:16:31.01
"KhW4DR8nEeWM2iIAC0KUpw",d235fb54ad258037707b6efbade1e76e954d84a5,"411中的幾點小問題","<co-content><text>學員<strong>Kayla Tsai</strong>幾何作圖一節中提問到“在我要說的問題是：</text><text>測驗二中有一題，是關於AutoCad裡面的鎖點模式的點的圖樣，</text><text>答案是不是有點怪怪的阿?</text><text>還有411的作業說明，圖片連結好像損毀了~”</text><text>我找到測驗二中的問題，用兩個瀏覽器查看411作業說明中的圖片，都沒加載成功，各位老師助教是否有這種情況？截圖如下：</text><img assetId=\"4OrKzx8mEeWp3w7e4MFGyw\" alt=\"\"/><img assetId=\"89JFEB8mEeWp3w7e4MFGyw\" alt=\"\"/><text/></co-content>","forum","POZJ3uOtEeSoXCIACw4Gzg","","","cH5ZNhV6EeWd3iIAC7VAtA","","",2015-06-30 12:54:37.492,2015-06-30 12:54:37.492
"lVP8sCFpEeWmISIAC9QOog",d235fb54ad258037707b6efbade1e76e954d84a5,"关于作业互评的疑问","<co-content><text>作业互评的界面是这样的：</text><img assetId=\"_RRO6CFoEeW0oQ5ybW6tfw\" alt=\"\"/><text>有点疑问，所有学习者提交的作业都会汇总到一起，接受其他同学的打分，会不会有些学习者的作业永远没被评分？还是只要评分次数达到5次就会从这个页面中筛选出去。作业评分系统是怎么运行的？</text></co-content>","forum","POZJ3uOtEeSoXCIACw4Gzg","","","cH5ZNhV6EeWd3iIAC7VAtA","","",2015-07-03 09:55:06.526,2015-07-03 09:55:06.526
"7S-UIzKsEeWV8SIACyyfnQ",d235fb54ad258037707b6efbade1e76e954d84a5,"请各位同学帮忙。","<co-content><text>各位同学们：</text><text>      感谢你们参加CAD-2D本门课程，从6月中旬课程上线至今已经有一个月多了，很多同学都很积极的参加课程学习并提交了作业，顺利的我想也应该完成该课程了吧。这里我要祝贺各位通过课程拿到认证证书的同学，还没有完成课程的同学也要再接再厉，相信你们一定会顺利完成课程，达到自己心中的目标。</text><text>     在这里我有一个问题需要各位同学给予帮助。我发现作业审阅界面中有不少同学的作业还没被审阅，并且提交时间已经很久了。如下图，部分同学的作业已经提交一个月了，还没被大家审阅。</text><img assetId=\"Rv44MjKrEeWHeA4OLMb9AQ\" alt=\"\"/><text>这些作业没被审阅有可能是多方面原因造成的，这里我希望得到大家的帮助：</text><text>1、优先审阅提交时间长的同学的作业；</text><text>2、如果多次尝试无法打开被审阅同学的作业，请在作业下方评论区进行反馈；</text><text>3、如果您的时间充裕，请多审阅1~2位同学的作业。</text><text>相信大家互帮互助一定都会顺利通过课程，感谢你们的参与，祝你们学习顺利。</text><text/></co-content>","module","POZJ3uOtEeSoXCIACw4Gzg","6mmBL","","","","",2015-07-25 09:09:59.975,2015-07-25 09:09:59.975
"zcsNVTLUEeWNVyIAC0uErA",ebfe726df48b562f2c9e368bbd1b9b8c543decb0,"关于角度的输入老师应该给补充说明的","<co-content><text>这么也调不出来角度输入，第二个图没办法跟老师画呀。我看很多同学也提出来了</text></co-content>","item","POZJ3uOtEeSoXCIACw4Gzg","","iFuUg","","","",2015-07-25 13:55:27.176,2015-07-25 13:55:27.176
"7YVq_WcmEeWn7w41YP_VgQ",07e5ba1604c1765a0fcd4149a33c9ef5c9aa8f2f,"[幾何圖法]更多方法","<co-content><text>分享網上更多的方法給大家:D</text><text><a href=\"http://www.pmai.tnc.edu.tw/df_ufiles/df_pics/04.pdf\">http://www.pmai.tnc.edu.tw/df_ufiles/df_pics/04.pdf</a></text></co-content>","module","POZJ3uOtEeSoXCIACw4Gzg","L5nbS","","","","",2015-09-30 03:54:19.603,2015-09-30 03:54:19.603
"IlW9FxceEeWd3iIAC7VAtA",10830cc784241aded662e029038d0276480b4140,"我只能安装autocad2014","<co-content><text>里面的锁点和格线在哪找啊</text></co-content>","module","POZJ3uOtEeSoXCIACw4Gzg","L5nbS","","","","",2015-06-20 07:29:49.717,2015-06-20 07:29:49.717
"Bf7ufiUsEeW_lSIAC0kOqg",b13caf504abde2faae67cdbf0ac222e7d321af56,"手残第一张","<co-content><text>手残呀，还需多加练习！</text></co-content>","item","POZJ3uOtEeSoXCIACw4Gzg","","iCjGL","","","",2015-07-08 04:44:31.405,2015-07-08 05:22:11.051
"VYVowSU8EeW_lSIAC0kOqg",b13caf504abde2faae67cdbf0ac222e7d321af56,"手残渣渣","<co-content><text>第一次尝试，得加强练习</text><text /><img assetId=\"KIQuJCU6EeWP7g6Ai0Xe7w\" alt=\"\" /><text /></co-content>","item","POZJ3uOtEeSoXCIACw4Gzg","","iCjGL","","","",2015-07-08 06:41:16.774,2015-07-08 06:41:16.774
"epLJRhreEeWHGCIACznL2w",9ef4740f69805f76f1ee21ee8d7541769c437f5f,"702节视频中的问题，提法","<co-content><text>视频中问题的提法似乎与答案刚好相反……</text></co-content>","item","POZJ3uOtEeSoXCIACw4Gzg","","gPRr9","","","",2015-06-25 02:04:14.617,2015-06-25 02:04:14.617
"2sHGchrQEeWd3iIAC7VAtA",9ef4740f69805f76f1ee21ee8d7541769c437f5f,"405 抛物线 课件","<co-content><text>本节视频似乎没有对应的讲义，谢谢！ </text></co-content>","item","POZJ3uOtEeSoXCIACw4Gzg","","mvm51","","","",2015-06-25 00:26:43.032,2015-06-25 00:26:43.032
"mqbyFxOiEeWHGCIACznL2w",ac42bbaef7ffacda82edb86955f70c384e204a36,"Subtitles","<co-content><text>Subtitles\\n</text><text>Hi there. Any subtitles in english?</text></co-content>","course","POZJ3uOtEeSoXCIACw4Gzg","","","","","",2015-06-15 21:08:00.493,2015-06-15 21:08:00.493
"yZUOvvpDEeWnyw45DXyCTw",6bf51fdb77bdd3eb7cd9ff48735671232162db5c,"找不到可以下载的，难道大陆的不可以下？","<co-content><text>找不到可以下载的</text></co-content>","item","POZJ3uOtEeSoXCIACw4Gzg","","du7Yk","","","",2016-04-04 09:01:15.641,2016-04-04 09:01:15.641
"DwTsxP2aEeWS4Ar9qFG8UQ",c3ea45a654f0053b5e7a7d0594a82c72be8ff8e2,"安裝失敗，怎麽辦？","<co-content><text>安裝失敗， 在安裝的過程中，見到一下面的資訊， 我應該怎麽辦呢？</text><img assetId=\"0Ja32f2ZEeWVehKIc31qNw\" alt=\"\"/><text/></co-content>","item","POZJ3uOtEeSoXCIACw4Gzg","","du7Yk","","","",2016-04-08 14:56:22.344,2016-04-08 14:56:22.344
"FgB1oL0gEeWlQwoU9G612w",965d307469473b578a8607a357924882fa377c24,"工程影片","<co-content><text>说起工程影片，想到了smartisan T1的宣传片，还是很有用的哈哈。</text></co-content>","item","POZJ3uOtEeSoXCIACw4Gzg","","7DQYI","","","",2016-01-17 13:42:01.04,2016-01-17 13:42:01.04
"TNcUzRUCEeWYoCIAC5MBcw",9c532520d5b7d0a5557d3ac5f3815792485e707a,"去年coursera開過\"工程图学2D\"課程","<co-content><text>非常謝謝您們用心安排出這麼棒的學習內容!!!!!去年有參予coursera開過\"工程图学2D\"課程，也取得了認證證書，也很期待昨天開始的\"CAD/BIM技術與應用\"課程，但是我發現第一部分的\"工程圖學2D CAD\"和去年參予的內容非常相似，請問這部分還有需要從新再次參予嗎?不好意思，謝謝。</text></co-content>","course","POZJ3uOtEeSoXCIACw4Gzg","","","","","",2015-06-17 15:05:32.795,2015-06-17 15:05:32.795
"QBerj79QEeWDvA7IZIDNqQ",459c3520267d3213ef8eb3834b911b6d30472d50,"新加入课程的学生咨询一个问题","<co-content><text>大家好，我是来自大陆的学生姜小涛。</text><text>看了老师做了热情详细的介绍之后，我有一个问题。用CAD可以把Gundam的结构表现出来吗(比如用三视图描述，或者3D模型的制作等)？CAD我只有在大学本科一年级学过一次，现在失业在家的我正在自学游戏模型的制作以及U3D开发的基础。我只知道CAD在机械设计以及工程设计方面是很棒的工具，但是不知道是否对游戏方面(当然了是游戏中的3D机械模型部分)有帮助，感觉有点迷茫………</text></co-content>","module","POZJ3uOtEeSoXCIACw4Gzg","6mmBL","","","","",2016-01-20 08:31:49.825,2016-01-20 08:31:49.825
"TSbLAswXEeW9ug73QL_FVQ",2868aa42ba5653ae5cfc0726242cebb585686c0d,"Language","<co-content><text>i want to take that specialization but there is a problem the quizzes are in Chinese. i hope you can provide quizzes in English and subtitles for all courses in English </text></co-content>","module","POZJ3uOtEeSoXCIACw4Gzg","6mmBL","","","","",2016-02-05 14:46:55.537,2016-02-05 14:46:55.537
"lLLJTffJEeW6Zw7gOA-Tyw",d806651b6a9251db0c4245ab9031e999555d8597,"click submit","<co-content><text>when i see on screen, all is taiwan language.</text><text>The problem that i onlly understand and read english. What should we do in this case. thank you Professional.</text></co-content>","item","POZJ3uOtEeSoXCIACw4Gzg","","ljbCo","","","",2016-04-01 05:21:25.99,2016-04-01 05:21:25.99
"yKAZk8UCEeWXhA6W5IbXRQ",d40e7b649874f3a59d8d37bd14f5b1683952ebda,"课程视频下载","<co-content><text>感觉课程下载的清晰度好低啊，请问怎么下载标准或者高清的课程视频？</text></co-content>","item","POZJ3uOtEeSoXCIACw4Gzg","","M7Go1","","","",2016-01-27 14:32:25.121,2016-02-02 13:48:56.393
"zFEecBXPEeWd3iIAC7VAtA",9749aa786bda4e9fec697f4dfd50e46a1335aa45,"課程簡報下載連結錯誤","<co-content><text>405 拋物線繪製下載後，簡報變成了501 正投影基本概念的PDF</text></co-content>","module","POZJ3uOtEeSoXCIACw4Gzg","L5nbS","","","","",2015-06-18 15:36:33.495,2015-06-18 15:36:33.495
"5cGlwxQVEeWA7CIAC5WDNQ",a8ff600c540be5cb866fc839cac4ef83cb89bfd7,"安装问题","<co-content><text>我按老师的视频讲解下载了2015版的简体，文件名：AutodeskDownloadManagerSetup，然后我双击这个文件，它也会有安装的动作（很快，我也看不清），但一下下就没反应了，也不会跳出让我输入密钥的对话框\\n</text><text>请大家帮帮忙，看是问题出在哪里呢</text></co-content>","module","POZJ3uOtEeSoXCIACw4Gzg","6mmBL","","","","",2015-06-16 10:53:18.621,2015-06-16 10:53:18.621
"EwkCNho-EeWHGCIACznL2w",a8ff600c540be5cb866fc839cac4ef83cb89bfd7,"手绘","<co-content><text/><text>手绘时，是一笔一笔用短线重复描出来，还是整个线段一笔画完？</text><text/></co-content>","module","POZJ3uOtEeSoXCIACw4Gzg","OaWEV","","","","",2015-06-24 06:56:01.432,2015-06-24 06:56:01.432
"IL_PRxPOEeWHGCIACznL2w",6cf8e719ca74167f1e1578851f6590d19ca16b15,"在大陆无法访问调查问卷的网站","<co-content><text>没有办法填写啊，康老师，我试过訪問調查問卷的網站，上不去</text></co-content>","item","POZJ3uOtEeSoXCIACw4Gzg","","Qm8kd","","","",2015-06-16 02:19:33.83,2015-06-16 02:19:33.83
"eDDxJpx4EeWi8hKHwRChpw",c4c72f7c88b8cd76cedbd1062e3f82c1cb336e40,"堅持-安裝成功","<co-content><text>花了兩天時間/試過幾種方法, 在家里的寛帶環境下, 終於透過Autodesk Download Manager把軟件下載成功!</text></co-content>","item","POZJ3uOtEeSoXCIACw4Gzg","","du7Yk","","","",2015-12-07 00:21:33.115,2015-12-07 00:21:33.115
"VAoFJB45EeWmISIAC9QOog",e1332e76f2d5e7816a04a27245bd3e2b692090da,"a piece of  cake","<co-content><text/><img assetId=\"IIbqcR45EeW0lhLXn13wow\" alt=\"\"/><img assetId=\"A-P8Xx45EeWDGArHuLEoZw\" alt=\"\"/><img assetId=\"OTgGBh45EeWENg6e8sa6-w\" alt=\"\"/><text/></co-content>","item","POZJ3uOtEeSoXCIACw4Gzg","","iCjGL","","","",2015-06-29 08:32:07.658,2015-06-29 08:32:07.658
"ZRiOLxQtEeWM2iIAC0KUpw",614a6cd6ff96ed9f35119a357468963732151397,"可以安装2016吗？","<co-content><text>我发现里面已经有2016了。老师。</text></co-content>","item","POZJ3uOtEeSoXCIACw4Gzg","","du7Yk","","","",2015-06-16 13:41:30.686,2015-06-16 13:41:30.686
"Q588PhPcEeWYoCIAC5MBcw",1f3f25c3e768aee521bfd83e4692ec04095b5314,"Couldn't submit the survey","<co-content><text>我在提交問卷的時候，有彈出”很抱歉，由于问卷发布者使用有效期已过，此问卷暂时不能填写！“ 不知道有沒有別人也見到這種情況。</text></co-content>","item","POZJ3uOtEeSoXCIACw4Gzg","","Qm8kd","","","",2015-06-16 04:00:45.291,2015-06-16 04:00:45.291
"kLowYh4MEeWd3iIAC7VAtA",fe46a6917118fdb2e87021966e7db9918ee3cb26,"測驗二與411中的一些問題...","<co-content><text>測驗二裡面</text></co-content>","module","POZJ3uOtEeSoXCIACw4Gzg","L5nbS","","","","",2015-06-29 03:11:42.124,2015-06-29 03:11:42.124
"mWvN-BmCEeWA7CIAC5WDNQ",d34db49aa47eddcf3cf596d98f01d4a44e6d08d9,"字幕好像錯了哦","<co-content><text>圖片忘記截圖了，在視頻裡面有個字幕出現ked，按照推斷應該講的是軟體CAD</text></co-content>","module","POZJ3uOtEeSoXCIACw4Gzg","6mmBL","","","","",2015-06-23 08:34:01.509,2015-06-23 08:34:01.509
"WrH8mhV8EeWHGCIACznL2w",46d9b0a033a84a0c59d319a5190e38b686c6ee40,"有没有同学跟我一样，做测试的时候，看不见题目的图片啊？","<co-content><text>如题，本章的作业看不见题目里的图片啊怎么办？有小伙伴跟我一样的情况吗？求帮助啊！</text></co-content>","item","POZJ3uOtEeSoXCIACw4Gzg","","M7Go1","","","",2015-06-18 05:39:14.641,2015-06-18 05:39:14.641
"s5_X4hVnEeWA7CIAC5WDNQ",955d69ea994f4dca2d02d2810b4f767645f1de11,"想在其他专业上使用CAD技术，学这个课会有帮助吗？","<co-content><text>我最近想学习在电气设计中使用AutoCAD，对这个工具本身并不是很了解，这个课程是面向土木工程专业的，我学习这个课程，会对我有帮助吗？</text></co-content>","course","POZJ3uOtEeSoXCIACw4Gzg","","","","","",2015-06-18 03:11:24.408,2015-06-18 03:11:24.408
"B_SunxPxEeWmISIAC9QOog",19cf6e5c978d57422143dc4eb6f4ddd7782eec16,"问几个关于这个系列课程的问题","<co-content><text>首先非常开心看到这个系列的课程，是不是很课程都放出来以后就不用再等开课时间啦？而是随时都可以进行学习？</text><text>其次，这个系列的课程还有免费的结课证书吗？还是只有交费的认证证书？以及寄送服务是怎样的？</text><text>最后，关于bim课程的软件是不是没有mac版本？是不是可以使用archicad代替？</text><text>非常感谢！</text></co-content>","module","POZJ3uOtEeSoXCIACw4Gzg","6mmBL","","","","",2015-06-16 06:29:24.619,2015-06-16 07:47:33.138
"TqMOYBvZEeWA7CIAC5WDNQ",19cf6e5c978d57422143dc4eb6f4ddd7782eec16,"Mac版autocad的填充线功能的问题","<co-content><text>我的版本里没有钢筋的填充线，就是j打头的那组图案都没有，官网可以下载吗？</text><text>另外，在win版中是不是关联式可以关闭后再打开？我在mac版中发现一个创建分割的填充线按钮类似关闭关联式，但是关闭后，我没有办法再变回关联的了，有同样mac版的同学了解吗？</text><text>最后就是渐变填充变成创建分割的填充线后，本来渐变发生在大圆里变成发生在4个小扇形里了，win版渐变关闭关联后也是这个状况吗？</text><text>先谢谢大家啦！</text></co-content>","module","POZJ3uOtEeSoXCIACw4Gzg","vxWbI","","","","",2015-06-26 07:59:44.583,2015-06-26 07:59:44.583
"WeSt2xPnEeWYoCIAC5MBcw",19cf6e5c978d57422143dc4eb6f4ddd7782eec16,"很抱歉，由于问卷发布者使用有效期已过，此问卷暂时不能填写！","<co-content><text>问卷标题下出现如题描述，所以问卷到底能不能填写哦？</text></co-content>","item","POZJ3uOtEeSoXCIACw4Gzg","","Qm8kd","","","",2015-06-16 05:20:07.12,2015-06-16 05:20:07.12
"Z8qMLB29EeWYoCIAC5MBcw",19cf6e5c978d57422143dc4eb6f4ddd7782eec16,"课程最后一个练习出图的疑问","<co-content><text>做作业过程中遇到的问题，求老师和同学解答，先谢谢啦！</text><text>为什么我的标注的文字有时候会显示在基准线的里面？</text><text>如图</text><img assetId=\"sjJRdx27EeWx0AoAiRdzOQ\" alt=\"\"/><text/><text/></co-content>","module","POZJ3uOtEeSoXCIACw4Gzg","vxWbI","","","","",2015-06-28 17:45:03.202,2015-06-28 20:29:59.799
"nMho8xTUEeWM2iIAC0KUpw",19cf6e5c978d57422143dc4eb6f4ddd7782eec16,"310正确性检测第二题遇到问题","<co-content><text>我检查了好几遍，都觉得我的数据没有错，为啥却说我错了呢？我检查不出来哪里是错的，求问大家第二题有遇到问题吗</text></co-content>","module","POZJ3uOtEeSoXCIACw4Gzg","OaWEV","","","","",2015-06-17 09:38:30.067,2015-06-17 09:38:30.067
"6CFfS8L3EeWqYApk6o1_2Q",ba3efeaa87c4d265c59c19717a304e1b2d4a89c5,"515 homework problem","<co-content><text>我用的是autoCAD 2016的MAC版本。有好多使用方法與老師的不一樣。515的前試圖我畫到這裡，卻怎麼也沒有辦法trim。請問有也在用MAC的同學嗎？希望請教。</text><img assetId=\"fhxC38L3EeWYyAqU4MStYQ\" alt=\"\"/><text/></co-content>","module","POZJ3uOtEeSoXCIACw4Gzg","MDbPH","","","","",2016-01-25 00:09:31.188,2016-01-25 00:09:31.188
"rOlCKzTeEeWj5iIACwIAYw",99dd76bd02d512f875019966b3a3d9ca31e0b899,"关于尺寸标注的适用","<co-content><text>康老师在视频里讲解的各种尺寸标注的情况很是详细，收益匪浅。想问一下，这些标注方法以及图框和标题栏的格式适用于北美地区吗？</text></co-content>","module","POZJ3uOtEeSoXCIACw4Gzg","vxWbI","","","","",2015-07-28 04:11:09.302,2015-07-28 04:11:09.302
"-Cqm2SeAEeWSQSIAC5cRKQ",99dd76bd02d512f875019966b3a3d9ca31e0b899,"关于测验二的一个疑惑","<co-content><text>测验二中有一个题目问道画正七边形时，要在BC弧线上画几个等分点。我选择6个，可是不对。请问应该是几个啊？谢谢。</text></co-content>","module","POZJ3uOtEeSoXCIACw4Gzg","L5nbS","","","","",2015-07-11 03:57:37.751,2015-07-11 03:57:37.751
"l6UyzynfEeWYVCIACyevdw",faad194930bc4a015cb46cd7461e1ccd100ee7de,"想請問假如是mac要相切圓要怎麼做呢","<co-content><text>如題,找不到mac版的相切圓～</text></co-content>","item","POZJ3uOtEeSoXCIACw4Gzg","","1AWPc","","","",2015-07-14 04:20:00.33,2015-07-14 04:20:00.33
"YgQauinfEeWIZyIAC0iPQg",faad194930bc4a015cb46cd7461e1ccd100ee7de,"假如是mac版的要做相切圓要怎麼做呢","<co-content><text>mac版的我找不到相切圓的選項...</text></co-content>","item","POZJ3uOtEeSoXCIACw4Gzg","","iFuUg","","","",2015-07-14 04:18:30.355,2015-07-14 04:19:17.746
"xPwgWFBjEeWUBw792DK9fQ",c7926be0d4f3e37a19eefe419a339a43d2596ba1,"测试的时候无法进行身份认证是你怎么回事","<co-content><text>我在进行第三周检测进行身份认证时，通过输入两遍英文后无法识别我的打字习惯，导致无法进行身份认证，是怎么回事，请各位同仁帮忙，谢谢</text></co-content>","module","POZJ3uOtEeSoXCIACw4Gzg","OaWEV","","","","",2015-09-01 04:41:54.151,2015-09-01 04:41:54.151
"fnyJwx5hEeWA7CIAC5WDNQ",71cad659ad6a0f27c7aa2f7d14be2247313797ea,"相切圓沒有真正相切?","<co-content><text>我照著指示做出這個圖形，但放大後發現圓與線並沒有相切，是我哪裡做錯了嗎?還是它刻意這樣顯示的?</text><text>謝謝指教~</text><img assetId=\"KUHYYB5hEeWDGArHuLEoZw\" alt=\"\"/><text>紅色區域放大後的樣子</text><img assetId=\"NqvVkB5hEeWx0AoAiRdzOQ\" alt=\"\"/><text/></co-content>","item","POZJ3uOtEeSoXCIACw4Gzg","","1AWPc","","","",2015-06-29 13:19:38.742,2015-06-29 13:19:38.742
"74BzIjLaEeWPACIACw4G5w",71cad659ad6a0f27c7aa2f7d14be2247313797ea,"608 請問如何設定繪製面的角度?","<co-content><text>請問為何我切換至前視角度後繪製的圓仍是上視(XY平面)的角度?</text><text>我的視埠工具欄位也找不到影片中的那個切換欄位，只能從小方塊來旋轉，兩者的功用不同嗎?</text><text>謝謝指教~</text><img assetId=\"geN-vjLZEeWXGwrkdqvMKQ\" alt=\"\"/><text/><img assetId=\"kZwABTLZEeW0thIK2epFyw\" alt=\"\"/><text/><img assetId=\"5wvMFjLZEeWHeA4OLMb9AQ\" alt=\"\"/><text/></co-content>","item","POZJ3uOtEeSoXCIACw4Gzg","","wFqWC","","","",2015-07-25 14:39:20.71,2015-07-25 14:39:20.71
"SzOETmP2EeW4ng7YWNlcxQ",190869b6d54b85e9ce9402cbca9b181f3496e6bb,"如果作業在截止日期前還沒有收到評分會怎麼樣？","<co-content><text>因為我剛剛查看了我的作業，發現我的手繪等角圖一直沒有評分。有點擔心到時候有可能拿不到證書~</text></co-content>","module","POZJ3uOtEeSoXCIACw4Gzg","ZavtT","","","","",2015-09-26 02:28:37.944,2015-09-26 02:28:37.944
"an2Gw1vzEeWYng6rkEfI9w",a845dcf0f9e78c6dab73009140a5452640503298,"1：12开始图像不动了。","<co-content><text>刷新重试和跳进都没用。</text></co-content>","item","POZJ3uOtEeSoXCIACw4Gzg","","ZOw05","","","",2015-09-15 21:47:52.646,2015-09-15 21:47:52.646
"gkkkpnmuEeWb4g4qCdqdUQ",a845dcf0f9e78c6dab73009140a5452640503298,"改到前视图后还是无法画出正确的圆。","<co-content><text>我点击了视图-前视图，画面换成了前视图后画出来的圆不是正确的方向，面是一条线。为什么会这样？我要怎么样才能画出正确的圆？</text></co-content>","item","POZJ3uOtEeSoXCIACw4Gzg","","wFqWC","","","",2015-10-23 17:50:12.177,2015-10-23 17:50:12.177
"hjR_Z3MLEeWDzg4yGnIlTw",a845dcf0f9e78c6dab73009140a5452640503298,"请问可不可以用有格子的纸画？","<co-content><text>就是老师以前说过的那种大概5mm的格子的纸。</text></co-content>","item","POZJ3uOtEeSoXCIACw4Gzg","","yMb6r","","","",2015-10-15 07:08:23.809,2015-10-15 07:08:23.809
"SzT8KltrEeWkVgp3YUjFSw",a845dcf0f9e78c6dab73009140a5452640503298,"无法安装","<co-content><text>我在安装时弹出对话框“未安装.NET 4.5.。如果没有此组件，则不能安装AutoCAD 2015 Language Pack- English。请咨询系统管理员以获取详细信息。” 我用的是win10的系统，64位的。请问应该怎么办呢？</text><img assetId=\"M3WUe1trEeWhtQ48PjS6Pw\" alt=\"\"/><text/></co-content>","item","POZJ3uOtEeSoXCIACw4Gzg","","du7Yk","","","",2015-09-15 05:33:28.606,2015-09-15 05:33:28.606
"kMehKh41EeWA7CIAC5WDNQ",f6537d4cd87c3b93bde608ea394eda8d91c6cd55,"想做三角形外接圆，但是无法用捕捉到的点","<co-content><text>先</text></co-content>","item","POZJ3uOtEeSoXCIACw4Gzg","","1AWPc","","","",2015-06-29 08:05:11.577,2015-06-29 08:05:11.577
"8EGVKxYsEeWYoCIAC5MBcw",d3560062c8caf9e361c94cec70ad6f9fff76fff7,"310 正確性測驗 有bug吧？","<co-content><text>題目是讓我們根據上一個自己繪制的太極測量尺寸，可是上一個太極只給了一個比例并沒有規定尺寸，所以每個人繪制的尺寸一定是不一樣的，現在又要測量尺寸那怎么判定是否正確？</text></co-content>","module","POZJ3uOtEeSoXCIACw4Gzg","OaWEV","","","","",2015-06-19 02:43:16.987,2015-06-19 02:43:16.987
"5UfTIRPGEeWM2iIAC0KUpw",9110d232d77fe2fabffe75daf50f52240dc29786,"CAD/BIM技術與應用 这项课程如何免费学习？","<co-content><text>想询问下这门高阶一些的课程如何免费学习？是要等它开课吗？</text></co-content>","item","POZJ3uOtEeSoXCIACw4Gzg","","Kph6n","","","",2015-06-16 01:27:47.581,2015-06-16 01:27:47.581
"ET3H81raEeWWvApdRud_EQ",7e8b3442517dd86a73893dd9d1776254032016b3,"立体图中的注释没办法标注到准确位置","<co-content><text>不管是直接在立体图上标注，还是切换到平面图以后再标注，最后显示出来的注释都会出现在离立体图很远的地方。不知道要怎么解决这个问题。另外，工具栏被我按到了什么东西缩成了一小块，希望能恢复成原来的样子，求助。。。</text><img assetId=\"nn4E-1rZEeWBpA6ymKM7Zw\" alt=\"\"/><text/></co-content>","module","POZJ3uOtEeSoXCIACw4Gzg","vxWbI","","","","",2015-09-14 12:13:54.33,2015-09-14 12:13:54.33
"ClqcI1tbEeWWvApdRud_EQ",7e8b3442517dd86a73893dd9d1776254032016b3,"课程交流群：182727968","<co-content><text>加群一起讨论问题，相互指导。</text></co-content>","module","POZJ3uOtEeSoXCIACw4Gzg","6mmBL","","","","",2015-09-15 03:37:07.853,2015-09-15 03:37:07.853
"rwnEwFllEeW8nxIOF_9POw",7e8b3442517dd86a73893dd9d1776254032016b3,"为什么画立体图时不同的线段测出来相同的长度","<co-content><text>画的时候没有转换视角，一直是在这个视角进行操作，为什么会出现画出来的两条线长度相同情况？</text><img assetId=\"aXzlcVllEeWerRLW6C6uOw\" alt=\"\"/><img assetId=\"dHVt6VllEeW8DgokIUG0Mw\" alt=\"\"/><text/></co-content>","module","POZJ3uOtEeSoXCIACw4Gzg","a0TlK","","","","",2015-09-12 15:48:16.789,2015-09-12 15:48:16.789
"INjjh1e1EeWZ5g4_W5BoCw",7e8b3442517dd86a73893dd9d1776254032016b3,"CAD操作部分求助（助教请看这里）","<co-content><text>请问助教能否提供一份课程涉及到的操作的详细说明。视频中演示的基本上都只有鼠标操作，只有一些重点的时候才会补充对键盘按键的使用说明，很多步骤看老师能流利的进行，但是自己做的时候就不停地出错，而且效率非常低</text><text>比如说老师画不相连的线的时候，画完一条直接就能画下一条，但是我就必须要画完一条右键结束操作再点击直线按钮才能再画下一条。很多别的操作也是，视频中老师每一步操作之间衔接非常流畅，但是我做的时候必须要增加很多额外的步骤才能实现。</text></co-content>","module","POZJ3uOtEeSoXCIACw4Gzg","6mmBL","","","","",2015-09-10 12:11:55.645,2015-09-10 12:11:55.645
"ltnC-RZwEeWd3iIAC7VAtA",80f08630330acee62c1dc2e51c1ee0e417a498d5,"modules should have atleast an english voice over...","<co-content><text>all the module videos are in chinese ...pls help me..even after changing the option from chinese to english,there is no change in language of module..pls consider my problem and help us by solving it........</text></co-content>","item","POZJ3uOtEeSoXCIACw4Gzg","","Kph6n","","","",2015-06-19 10:47:32.767,2015-06-19 10:47:32.767
"dtlaPnhUEeWDzg4yGnIlTw",1115a3d8d8099f51bf4f11a1f1df325e70cf3267,"請問是否需要完成2D專題才能上3D CAD課程?","<co-content><text>請問是否需要完成2D專題才能上3D CAD課程?</text><text>2D專題是否是3D CAD的必須先修課程?謝謝您!</text></co-content>","module","POZJ3uOtEeSoXCIACw4Gzg","ZavtT","","","","",2015-10-22 00:33:07.121,2015-10-22 00:33:07.121
"u49iG19wEeW-tBLRsFjxBw",1115a3d8d8099f51bf4f11a1f1df325e70cf3267,"week3練習題上傳後消失，無法再傳","<co-content><text>大家好，</text><text>week3的練習題電腦繪製的太極圖，我已上傳，也看到檔名和已經上傳的字樣。不確定是否因為後來付費轉為Certified課程，前面上傳的內容不見了，也沒有按鈕可以重新上傳。雖然不計分，但如能解決這問題，可以讓自己交出的作業更完整一點。謝謝!</text></co-content>","module","POZJ3uOtEeSoXCIACw4Gzg","6mmBL","","","","",2015-09-20 08:22:29.238,2015-09-20 08:22:29.238
"znJuv3vTEeWtPhJmZh_6JQ",1115a3d8d8099f51bf4f11a1f1df325e70cf3267,"qdim高度設定失敗","<co-content><text>請問大家，</text><text>我在使用qdim的時候，依照老師影片裡的設定輸入15，每次都出現不一樣的結果，而且忽大忽小，不是15。但是如果我先畫了單獨1個標註後，再用qdim，15高度就能夠正確顯示，不知道問題在哪裡?請問高人為何會有這狀況發生?單獨/個別尺寸標註都沒問題，唯獨qdim出現無法正確設定高度的情形，請大家幫忙! 謝謝~</text><text/></co-content>","item","POZJ3uOtEeSoXCIACw4Gzg","","HD5V6","","","",2015-10-26 11:22:13.659,2015-10-26 11:56:27.363
"9pa92hY1EeWM2iIAC0KUpw",00f96383b09ac136e7ece36b8b4151fe08ae1aa8,"作业提交格式","<co-content><text>大家好，我想问一下，如果作业用CAD2007的格式版本做出来后提交，有否影响？</text></co-content>","course","POZJ3uOtEeSoXCIACw4Gzg","","","","","",2015-06-19 03:47:53.082,2015-06-19 03:47:53.082
"26lB_5X_EeWy0Q7ABZMsnQ",2b62b0a07d54651220224022b4e3ab92f13e63b6,"審閱 每欄必填 ?","<co-content><text>審閱同學作品, 送出時, 系統卻提示 \"以上每欄須填寫\"</text><text>導致審閱不成功</text><text>可是 自由填寫, 應是可以不填的,明明認為比例OK, </text><text>自由填寫欄, 卻要求得填 比例不對 的看法</text><text/></co-content>","item","POZJ3uOtEeSoXCIACw4Gzg","","p9b07","","","",2015-11-28 18:43:03.917,2015-11-28 18:43:03.917
"oI_-RDX8EeWNVyIAC0uErA",deb0b159ca0a10437ff74a21cc76f844f7638705,"peer review看不到作业","<co-content><text>点开peer review，只看到待审阅，看不到作业？</text></co-content>","module","POZJ3uOtEeSoXCIACw4Gzg","L5nbS","","","","",2015-07-29 14:18:04.649,2015-07-29 14:18:04.649
"xDr0tzgtEeWj5iIACwIAYw",c856c2772d20626f0c03f173be83572e78662fc0,"有没有新软件玩玩","<co-content><text>想学archiCAD，su，犀牛，虽然没怎么学CAD，但对AutoCAD没什么兴趣了</text></co-content>","item","POZJ3uOtEeSoXCIACw4Gzg","","ljbCo","","","",2015-08-01 09:14:52.155,2015-08-01 09:14:52.155
"ddK2izCSEeWhySIAC0EWhw",48165df8a8dbff6194d942e9bbf20e1f5a28cd05,"無法辨識臉部","<co-content><text>ˋ進行</text></co-content>","module","POZJ3uOtEeSoXCIACw4Gzg","OaWEV","","","","",2015-07-22 16:55:30.477,2015-07-22 16:55:30.477
"u6rAtTN4EeWj5iIACwIAYw",48165df8a8dbff6194d942e9bbf20e1f5a28cd05,"無法提交作業","<co-content><text /><img assetId=\"oB7n2TN4EeWHeA4OLMb9AQ\" alt=\"\" /><text /></co-content>","item","POZJ3uOtEeSoXCIACw4Gzg","","8ILE3","","","",2015-07-26 09:28:54.229,2015-07-26 09:28:54.229
"Nv0buROvEeWmISIAC9QOog",ca7c6775869c10c4db606428bdff5eae26eba2e7,"Subtitle","<co-content><text>Why is this course advertised in English as well if it does not even have English subtitles</text></co-content>","course","POZJ3uOtEeSoXCIACw4Gzg","","","","","",2015-06-15 22:38:16.743,2015-06-15 22:38:16.743
"cQRovRpIEeWHGCIACznL2w",aba7215587314ac7f07be7afc5b37ec1441d7ca1,"工程师的图学工具认识","<co-content><text>通过本模块的学习，更新了我对工程师的图学工具的认识。原来还包括动画、影片、游戏引擎。本门课确实不错。</text></co-content>","module","POZJ3uOtEeSoXCIACw4Gzg","zMcA3","","","","",2015-06-24 08:10:14.075,2015-06-24 08:10:14.075
"zsEUKk-GEeWoNAol4TlMSw",52713016f9423fa0353c0bd4fea88115ee9cffea,"等角圖標註只顯示在底面","<co-content><text>在標註等角圖時，所有的標註都只顯示在底部，導致了高度全部顯示為零。不知道該如何解決這個問題。我並沒有進行額外的設置，在完成繪圖后標註，就出現了這個情況。望各位指點，謝謝。</text><img assetId=\"misCN0-GEeWgOw7KFJ5n5w\" alt=\"\"/><text/></co-content>","module","POZJ3uOtEeSoXCIACw4Gzg","vxWbI","","","","",2015-08-31 02:20:11.764,2015-08-31 02:20:11.764
"IkW38UMqEeWxOxIbgUSIFQ",037f1dbc0d269b48f36bd4fb24c635968f2943fb,"角的三等分的那部分","<co-content><text>为什么HE三等分以后，再从G点画的与HD圆弧的交点，就是圆弧的三等分点？</text></co-content>","item","POZJ3uOtEeSoXCIACw4Gzg","","O3H0j","","","",2015-08-15 08:46:34.735,2015-08-15 08:47:27.241
"ZtHzHFM3EeWxHxIGetKceQ",fdea28a5636283b8c09e5d408c95d3366f23ec63,"AutoCAD繪製茶壺_（你的名字）與 手繪茶壺_（你的名字）抉擇?","<co-content><text>標題請輸入「AutoCAD繪製茶壺_（你的名字）」，例如：AutoCAD繪製茶壺_王小明</text><text/><text>題目是要手繪到底?</text><text>\\n\\n</text></co-content>","item","POZJ3uOtEeSoXCIACw4Gzg","","p9b07","","","",2015-09-04 19:01:51.801,2015-09-04 19:01:51.801
"y9ErUwBSEeaZ8AoH1Zkwbw",6f4ba59e3dce06e9d8c260210cf6f4c1561445ff,"Sketching Prof. Kang's Stapler","<co-content><text>Hello\\nAll,</text><text>I\\nrecommend that you all take up Prof. Kang's challenge and try to\\nsketch his stapler.  It is shown in the Lesson 3.3 slides.  You will\\nfind it a good test of your ability to judge proportions.  Make sure\\nyou keep your eraser handy though.  You may find it just as useful as\\nyour pencil.</text><text>At\\nthe end of Lesson 3.3, I took a piece of scrap paper and tried to\\nsketch his stapler myself.  I found it quite difficult.  The\\ndifficulty is that the stapler consists of two parts; the lower base\\nand the upper staple arm.  They are separated by a significantly wide\\ngap over most of the stapler's length.</text><text>Drawing\\nthe length of the base in correct proportion to the staple arm length\\nis relatively easy.  However, drawing the thickness of the base in\\ncorrect proportion to the thickness of the staple arm is not so easy.\\n The gap between them is the problem.   The width of the gap also has\\nto be in correct proportion.</text><text>I\\nestimated the relative proportions of the two parts of the stapler\\nusing my fingers as callipers.  In hindsight, I consider this method\\ntoo rough for this particular sketch and recommend proportioning the\\nthickness of the two parts by making marks on a strip of paper held\\nagainst the computer screen instead.  This will reduce the amount of\\nwork for your eraser.</text><text>My\\nrough sketch is attached below.  I have shaded the black plastic\\nparts to help you make sense of all the lines.  At first sight it\\nlooks okay, but when you look at the details you will see that the\\nproportion of some is not quite as shown in the picture of the\\nstapler in Lesson 3.3.</text><text>Have a try yourself. I wish you the satisfaction of success.</text><text>Robert Monk, husband of Lay Joon</text><text/><img assetId=\"YEe5CgBSEeawsA4t7LQqYw\" alt=\"\"/><text>\\n\\n</text><text/><text/><text/></co-content>","module","POZJ3uOtEeSoXCIACw4Gzg","OaWEV","","","","",2016-04-12 02:03:48.818,2016-04-12 02:03:48.818
"jOzMnvpDEeWTnRIwzGCJxQ",6f4ba59e3dce06e9d8c260210cf6f4c1561445ff,"Help correct enrolment mistakes.","<co-content><text>Hello Coursera Staff,</text><text>I enrolled my husband for this course, but I am not the participant.  My husband is the participant.  His name is Robert Monk.  </text><text>The  Order Number on the receipt I received from you is 1714 001.  The receipt is dated 04-01-2016.  The first lessons are addressed to me, Lay Joon Monk.</text><text>Would you please change the account name for this AutoCAD 2D course to Robert Monk, and change the e-mail address to rbmonkengineering@gmail.com .  That will enable my husband to access the lessons from his computer, on which the operating system is MS Windows, not Apple Mac. </text><text>Thank you for helping to make the requested changes.</text></co-content>","module","POZJ3uOtEeSoXCIACw4Gzg","6mmBL","","","","",2016-04-04 08:59:33.875,2016-04-04 08:59:33.875
"Jq4KgVbOEeWlfw4wZhJSZw",f409f5cc06ae85fb98c5e80fe1f02fa2f31c982a,"Autocad至PDF的黑白输出问题","<co-content><text>为什么autocad当plot的时候，我已经选择了右上角grayscale或者monochome了，输出的PDF却还是彩色的？怎么样变成黑白的呢？？？</text></co-content>","module","POZJ3uOtEeSoXCIACw4Gzg","vxWbI","","","","",2015-09-09 08:38:31.686,2015-09-09 08:38:31.686
"4ojdcoCZEeWFDQ4Rhv_F_Q",3189925ebf4864ae949584c07b544afa16bb6a47,"請允許我發洩一下","<co-content><text>都已經學到了第五周！但是因為學校的網速！內地的防火墻！讓我因為軟件的安裝問題，視頻無法加載成功問題，試題圖片無法顯示的問題要在第五周終止我的學習！！啊啊啊明天就要截止作業但我已經無力回天！好煩！好煩啊！</text><text> 為什麼在果殼已經學習了別人安裝AutoCAD2015的教程，我卻安裝不上！</text><text> 千方百計找土木工程的學長安裝了AutoCAD2014然而完全不同！完全！不同！</text><text> 大概寒假回家才能完成這門課程了吧...再見了各位...我暫時放棄。</text></co-content>","module","POZJ3uOtEeSoXCIACw4Gzg","MDbPH","","","","",2015-11-01 13:10:12.364,2015-11-01 13:10:12.364
"GziZ-VvEEeWKaRJGciUWiw",214240a7bdbfcdff7dd3f25dc753cc939fc05e29,"Foreign students","<co-content><text>大家好！</text><text>Hello everyone, i'm a spanish architect and construction engineer. Although i can a little bit of chinese (only 普通话), my level its not enough to understand directly the videos but anyway i will try with the help of my computer, google translate, my dictionary, my chinese teacher and you I think I can do it. I'm sure i will learn a lot from all of you.</text><text>If I get stuck, I will post here for help.</text><text>非常感谢！</text></co-content>","module","POZJ3uOtEeSoXCIACw4Gzg","6mmBL","","","","",2015-09-15 16:09:13.308,2015-09-15 16:09:13.308
"w30JASFbEeWYoCIAC5MBcw",716f4c6cc4d27803adc6feb8cf42b1e8dfce69f7,"支點法","<co-content><text>我的支點法畫得好醜喔&gt;\"&lt;不知道大家能不能提供一些建議例如：拿筆的姿勢.......等，其他技巧。</text><text>謝謝~~</text></co-content>","module","POZJ3uOtEeSoXCIACw4Gzg","L5nbS","","","","",2015-07-03 08:16:11.016,2015-07-03 08:16:11.016
"KntGYe6jEeWTdBIkpCpI1Q",887109e225473b12f2bfb3ab0618c6656bcb3fa1,"等角视图作图","<co-content><text>等角视图作图引入3轴可以理解，但是作图时并真正把立体的各个点都画出来，因此615的作业完成后，所有同学的作业只要换一个视图看，线条全部都乱飞了。 从课程中，我们看不出这种方式的正确使用方法以及上面提到的问题的处理手段</text></co-content>","item","POZJ3uOtEeSoXCIACw4Gzg","","wFqWC","","","",2016-03-20 13:53:46.447,2016-03-23 08:31:37.429
"5tDVgjnzEeWF2iIACyygBg",4d16634dada9096f81644aaec4098487e4b29299,"新生求和我一样仍在学习者互评~谢谢~","<co-content><text>有意互评的同学可以联系我，因为课程要结束了，找不到同学参与互评了~</text><text>另，如有雷锋评论本作业，不胜感激，在此一同谢过</text></co-content>","module","POZJ3uOtEeSoXCIACw4Gzg","6mmBL","","","","",2015-08-03 15:25:41.695,2015-08-03 15:25:41.695
"Mc9J5hdXEeWA7CIAC5WDNQ",404505cc8bec31d474bef4399ee08f4ee4a7adfc,"沒有工具列","<co-content><text>已下載2015學生版,但打開並沒有上方工具列,要如何打開呢</text><text/></co-content>","course","POZJ3uOtEeSoXCIACw4Gzg","","","","","",2015-06-20 14:18:16.993,2015-06-20 14:18:16.993
"sjHftRaREeWd3iIAC7VAtA",404505cc8bec31d474bef4399ee08f4ee4a7adfc,"無法安裝","<co-content><text>我是Win 7 系統,搞了2天只要一到安裝進度就當了,怎辦呢＿</text><text/></co-content>","course","POZJ3uOtEeSoXCIACw4Gzg","","","","","",2015-06-19 14:44:32.035,2015-06-19 14:44:32.035
"fEUq-3I8EeWtPhJmZh_6JQ",f930c60eeda32fd9768f92f4b9fde03393b6700c,"无法显示对角线的延伸线，请问是什么原因？","<co-content><text>  我的Autocad不能显示出对角线的延伸线，不知是否要设置哪里才能显示出来？也就是2:24那个画面弄不出来，请问这是什么原因造成的呢？  </text></co-content>","item","POZJ3uOtEeSoXCIACw4Gzg","","wFqWC","","","",2015-10-14 06:26:21.318,2015-10-14 06:26:21.318
"CbRJQixkEeWTqyIAC44O4Q",cd597a91ba58cbcf9e0588f3246b3a5f739c69a1,"關於這門課程對職業的影響","<co-content><text>老師你好，我來自馬來西亞。</text><text>我在現實中沒有接觸過這門課，也沒有過類似的工作經驗。</text><text>雖然我還不完全了解這方面的知識，但是我很有興趣。</text><text>請問如果我完成了這門coursera課程之後，是否有可能能夠直接到臺灣去從事這樣的工作？</text></co-content>","module","POZJ3uOtEeSoXCIACw4Gzg","6mmBL","","","","",2015-07-17 09:13:07.583,2015-07-17 09:13:07.583
"rU2-Oj_XEeWeYyIAC1WQXA",c4e76af6020a812e5c076bb8797f5cad1eb3044f,"310准确性测验","<co-content><text>310准确性测验 我两个题目循环做，都好多遍了就是一直不对，但是我cad里面显示的长度就是那么多，输入进去一直不对TOT求助啊</text></co-content>","module","POZJ3uOtEeSoXCIACw4Gzg","OaWEV","","","","",2015-08-11 03:18:46.274,2015-08-11 03:18:46.274
"ZjjXazqUEeWnMCIAC9gGzQ",ded1381769b2dec6856dc1f20594ac2198e849a5,"为什们2D图学的课程消失在了我的课程控制面板里面？","<co-content><text>如题</text><text>前两天还在的，现在突然没理他，导致手机的APP无法观看课程</text></co-content>","module","POZJ3uOtEeSoXCIACw4Gzg","6mmBL","","","","",2015-08-04 10:34:34.924,2015-08-04 10:34:34.924
"tzESgysHEeWw8CIACnuItg",ded1381769b2dec6856dc1f20594ac2198e849a5,"开始学习！期待完成！","<co-content><text>我是天津理工大学工程造价专业大三的学生，cad是我学习生活中很重要的一个软件，期待通过课程我可以对这个软件的应用会可以更加熟练深入</text></co-content>","item","POZJ3uOtEeSoXCIACw4Gzg","","ljbCo","","","",2015-07-15 15:39:44.288,2015-07-15 15:39:44.288
"-Xnney2-EeWTqyIAC44O4Q",a1dd855b59f5e5cc0dc1f851553181ecac26973a,"没有隐藏线","<co-content><text> CAD线型中没有隐藏线这个选项</text><text/></co-content>","module","POZJ3uOtEeSoXCIACw4Gzg","MDbPH","","","","",2015-07-19 02:36:35.722,2015-07-19 02:36:35.722
"q1uoNSk-EeWSQSIAC5cRKQ",a1dd855b59f5e5cc0dc1f851553181ecac26973a,"相对坐标变成了绝对坐标","<co-content><text/><text> 之前用CAD还好好的，今天用的时候相对坐标忽然变成了绝对坐标，所有的坐标都都定义到了左下角的坐标上，求告知怎么变回来</text><text/></co-content>","module","POZJ3uOtEeSoXCIACw4Gzg","MDbPH","","","","",2015-07-13 09:08:04.429,2015-07-13 09:08:04.429
"Mao_cyONEeWM2iIAC0KUpw",a1dd855b59f5e5cc0dc1f851553181ecac26973a,"无法安装CAD","<co-content><text>用立即下载时，安装完以后什么都不出现。换用立即安装时，出现安装的画面，但一直初始化，最后提示初始化失败。</text><text/></co-content>","module","POZJ3uOtEeSoXCIACw4Gzg","6mmBL","","","","",2015-07-06 03:15:03.527,2015-07-06 03:15:03.527
"U95kzUjMEeWxHxIGetKceQ",6e9f2f9b0b81bbc258fc6a62d1cb1b7ce618b801,"关于相对坐标和极坐标的输入","<co-content><text>指定下一点时</text><text>相对坐标是输入\"@X轴坐标,Y轴坐标“</text><text>极坐标是输入”@长度&lt;角度“</text><text>这样对吗？</text><text>视频中只演示了画出后的效果，没有具体说明如何操作啊</text></co-content>","item","POZJ3uOtEeSoXCIACw4Gzg","","iFuUg","","","",2015-08-22 12:50:12.228,2015-08-22 12:50:12.228
"Ay44o4HmEeWL6AoNmIctaQ",1a1cbba8a8e1c9adbbc976d81f9620f3ceb93baf,"请问下回的2DCAD专题什么时候出？","<co-content><text>请问下回的2DCAD专题什么时候出？</text></co-content>","module","POZJ3uOtEeSoXCIACw4Gzg","ZavtT","","","","",2015-11-03 04:47:40.049,2015-11-03 05:13:41.788
"1YHvGxWZEeWA7CIAC5WDNQ",66afaf54380b4003cb46ff9cee94441f2d2f559e,"下载的视频清晰度很差，是否有更清晰的版本提供下载？","<co-content><text>由于网络原因，在线看视频非常卡（貌似大陆这问题比较严重，本人电信20M光纤），希望能直接下载下来观看，但下载下来的视频似乎清晰度很差，是否有更清晰的版本提供下载？</text></co-content>","course","POZJ3uOtEeSoXCIACw4Gzg","","","","","",2015-06-18 09:10:16.091,2015-06-18 10:25:37.275
"8N1Azz62EeWm9SIAC5HAew",0d12d6522a98d9872f9eb01c8beca1743ec8b301,"....希望各位同学能帮一下忙","<co-content><text/><img assetId=\"rYeNiD62EeWxgwoU-Y5WvQ\" alt=\"\"/><text>我已经超额评价几倍了，然而还是没有人来评价我的作品.....    这是我本课程最后一项，希望同学们能抽空评价一下，多谢您！</text></co-content>","module","POZJ3uOtEeSoXCIACw4Gzg","MDbPH","","","","",2015-08-09 16:51:55.067,2015-08-09 16:51:55.067
"7kkQsRuZEeWYoCIAC5MBcw",c4f78f0ea44d65b4b00eb1a789b78278d0b96724,"期待完成课程","<co-content><text>一般学校好像只有学建筑的需要手绘能力，土木方向这方面都没强调，但我认为收回能力还是很重要的对于土木学生来讲，期待学习这方面能力</text></co-content>","item","POZJ3uOtEeSoXCIACw4Gzg","","ljbCo","","","",2015-06-26 00:26:04.638,2015-06-26 00:26:04.638
"RiK30H8REeWv4xJApgpHZw",1283f0eb5502a82c44cf367f45063b58165dbc7a,"About subtitiel","<co-content><text>Thanks for the Subtities!!!!!</text></co-content>","item","POZJ3uOtEeSoXCIACw4Gzg","","X7xTF","","","",2015-10-30 14:19:47.252,2015-10-30 14:19:47.252
"ScvG9EoYEeWbVQrsfyQbuw",1283f0eb5502a82c44cf367f45063b58165dbc7a,"About subtitile","<co-content><text>Please Sir, Provide English subtitle. Please...</text></co-content>","item","POZJ3uOtEeSoXCIACw4Gzg","","Kph6n","","","",2015-08-24 04:26:28.243,2015-08-24 04:26:28.243
"v9Uq-2ckEeW1ShIhri4C5Q",df442be2c49a141c3a907e7e82e95370127f92c2,"平行四邊形繪製的證明","<co-content><text>有些同學在問平行四邊形繪製橢圓，究竟是不是精確繪製，或是近似法？</text><text>這邊提供合肥師範學院數學系關於橢圓的研究，如果有興趣可以參考～</text><img assetId=\"hLnws2ckEeWy0w70w4rMkw\" alt=\"\"/><text/></co-content>","item","POZJ3uOtEeSoXCIACw4Gzg","","cFvam","","","",2015-09-30 03:38:43.957,2015-09-30 03:38:43.957
"YkGiJm5sEeWy9BLlActDnw",df442be2c49a141c3a907e7e82e95370127f92c2,"同學提問分享-UCS與WCS","<co-content><text>有位同學提出繪製等角圖時遇到的困難：</text><text>一是他轉到右側視圖時無法於正確的面上繪製圓，想知道怎麼確認自己可以繪製的平面</text><text>二是右上角的viewcube顯示讓他很困惑</text><text>先跟同學介紹一下UCS與WCS</text><text>UCS是使用者座標系統，簡單說就是隨你爽怎麼調它方向都可以，也會跟著你的操作旋轉</text><text>WCS是固定的座標系統，就是一般認知裡的正常座標系統</text><text>第一個問題要請同學注意一下左下角UCS的XYZ軸（如果沒有軸向，記得設定一下座標的顯示），在UCS中，所謂的XY平面又稱工作平面，也就是說，只能在XY平面（以及與其平行之平面）上繪製。而XY平面會隨著選定的視角轉動，比如從上視圖切換到右側視圖，軸上的XY也會跟著換過去。</text><text>所以不管切換到什麼視角，只有顯示XY軸的那個平面與平行的平面能夠繪製。</text><text>*有興趣的同學可以研究詳細的官方使用指南：</text><text>http://exchange.autodesk.com/autocadlt/…/online-help/browse…</text><text>第二個問題與第一個問題很有關聯，在viewcube中有兩個系統：UCS以及WCS，如果設定為顯示UCS，當你切換到右側視圖再切換回東南等角時，UCS會將右側視的方向「視為TOP」，也就會產生令人困惑的顯示，只要在viewcube下面切換回WCS，就可以回到原本認知的正常座標系統</text><text/><text>歡迎同學多發問或一起討論喔~</text></co-content>","item","POZJ3uOtEeSoXCIACw4Gzg","","wFqWC","","","",2015-10-09 09:59:08.866,2015-10-09 09:59:08.866
"G1dKsBpmEeWd3iIAC7VAtA",ed98da8dcb0860716248d4ee1ead6c7c6ab3c9cd,"O(∩_∩)O哈哈哈~","<co-content><text>。。。</text><img assetId=\"_Y-KnBplEeW4giIAC5XN5A\" alt=\"\"/><img assetId=\"DyJxXRpmEeW4giIAC5XN5A\" alt=\"\"/><img assetId=\"7FnfjBplEeWrviIACueUPA\" alt=\"\"/><text/></co-content>","item","POZJ3uOtEeSoXCIACw4Gzg","","iCjGL","","","",2015-06-24 11:42:35.236,2015-06-24 11:42:35.236
"QRlHwRpbEeWA7CIAC5WDNQ",ed98da8dcb0860716248d4ee1ead6c7c6ab3c9cd,"(*^__^*) 嘻嘻……","<co-content><text/><img assetId=\"LbuzphpbEeWTGCIAC9WPFA\" alt=\"\"/><img assetId=\"No0VeBpbEeW4giIAC5XN5A\" alt=\"\"/><text/></co-content>","item","POZJ3uOtEeSoXCIACw4Gzg","","P2dKC","","","",2015-06-24 10:24:54.119,2015-06-24 10:24:54.119
"FayOZRsoEeWd3iIAC7VAtA",ed98da8dcb0860716248d4ee1ead6c7c6ab3c9cd,"怎么8等分角啊TUT","<co-content><text>求解求解</text></co-content>","item","POZJ3uOtEeSoXCIACw4Gzg","","uTTWn","","","",2015-06-25 10:51:08.094,2015-06-25 10:51:08.094
"3zZBXTFEEeWLEiIAC7PrLg",44eb1597b52745d209d43acebfe42e40cc24a6cc,"AutoCAD下载后打不开","<co-content><text>每次打开它都提示我未正确激活，要我与当地经销商联系？</text></co-content>","module","POZJ3uOtEeSoXCIACw4Gzg","6mmBL","","","","",2015-07-23 14:12:37.708,2015-07-23 14:12:37.708
"FEzVfTHWEeWV8SIACyyfnQ",9861c74fdb5c1f3d08a173b0765de94ba09f5f73,"课程已经结束了吗","<co-content><text>课程不是应该到月底才结束吗，怎么都没人打分了。。。。</text></co-content>","module","POZJ3uOtEeSoXCIACw4Gzg","MDbPH","","","","",2015-07-24 07:32:03.801,2015-07-24 07:32:03.801
"06LJTDLSEeWV8SIACyyfnQ",9861c74fdb5c1f3d08a173b0765de94ba09f5f73,"作业审核问题！需要打分的请留名。。","<co-content><text>平时上班业余时间不多，刚刚完成作业。需要大家帮助审核，如有相同情况的同学请告知，最后几天互相打打分，谢谢帮助！！</text></co-content>","module","POZJ3uOtEeSoXCIACw4Gzg","ZavtT","","","","",2015-07-25 13:41:17.985,2015-07-25 13:41:17.985
"KtdsANqoEeW0gBLNziwTrw",f9d62e2e218d82e045676cf806d0b3f32a11a082,"A0纸的叠法","<co-content><text>6:44时，那个叠法不对吧？不能装订？应该先上下折在左右折？</text></co-content>","item","POZJ3uOtEeSoXCIACw4Gzg","","gPRr9","","","",2016-02-24 03:39:11.279,2016-02-24 03:39:11.279
"8CrQI9hXEeWOeA4jiPAy1w",f9d62e2e218d82e045676cf806d0b3f32a11a082,"5:41时，正视图两个圆柱交接部错了！","<co-content><text>交接部大圆柱体似乎应该是弧形？</text></co-content>","item","POZJ3uOtEeSoXCIACw4Gzg","","MvXQX","","","",2016-02-21 04:59:50.776,2016-02-21 04:59:50.776
"yoDZahWKEeWmISIAC9QOog",daf160333d7554ebada7ad8286b291b220668504,"很开心能成为一名助教，十分期待改版后的2D CAD课程和CAD学习系列","<co-content><text>感觉界面改版后清晰简洁了许多，不过不太熟悉哈哈。</text></co-content>","forum","POZJ3uOtEeSoXCIACw4Gzg","","","cH5ZNhV6EeWd3iIAC7VAtA","","",2015-06-18 07:22:35.178,2015-06-18 07:22:35.178
"H_c4JhW0EeWA7CIAC5WDNQ",3c251d5f6e6a89f72ce56638da1a4242c4b93caf,"疑問","<co-content><text>您好，領主可以提供。中國的subtitle下載？我只能下載的視頻沒有字幕....想subtitle，即使在。中國</text></co-content>","course","POZJ3uOtEeSoXCIACw4Gzg","","","","","",2015-06-18 12:18:27.926,2015-06-18 12:18:27.926
"5txiDBWzEeWHGCIACznL2w",3c251d5f6e6a89f72ce56638da1a4242c4b93caf,"subtitle","<co-content><text>hi, the lords could provide the lengenda in Chines to download? I can only download the video without subtitles .... I would like lengenda, even in Chines</text></co-content>","course","POZJ3uOtEeSoXCIACw4Gzg","","","","","",2015-06-18 12:16:52.12,2015-06-18 12:16:52.12
"xtkKohWzEeWA7CIAC5WDNQ",3c251d5f6e6a89f72ce56638da1a4242c4b93caf,"Subtitle","<co-content><text>oi, os senhores poderiam fornecer o lengenda em Chines para baixar? Eu só posso fazer o download do vídeo sem legendas .... Gostaria lengenda, mesmo em Chines</text></co-content>","course","POZJ3uOtEeSoXCIACw4Gzg","","","","","",2015-06-18 12:15:58.411,2015-06-18 12:15:58.411
"tVZQcTNJEeWj5iIACwIAYw",8102ae57a1c7b4c8cced46213df63f5b49f9a1be,"如何出現斷點","<co-content><text>輸入分段數目8之後是按enter嗎？為什麼按了enter之後什麼都沒有出現、、、</text></co-content>","item","POZJ3uOtEeSoXCIACw4Gzg","","M7Go1","","","",2015-07-26 03:52:17.263,2015-07-26 03:53:15.03
"pRlsfRpUEeWYoCIAC5MBcw",53f1ea7abbe9a8d7b832252b33fef50a52186085,"字幕與影片","<co-content><text>請問在看影片時字幕好像跟不上, 那是我電腦的問題嗎?</text></co-content>","course","POZJ3uOtEeSoXCIACw4Gzg","","","","","",2015-06-24 09:37:35.415,2015-06-24 09:37:35.415
"ZRvWaq79EeWF2Q53QdZUbw",3e596d6a9d3cddb52456f463b783478ad1493ba3,"请问老师，为什么我在学校里学的视图与课中不同啊？","<co-content><text>我在学工程图学的时候，</text><text>老师和我们说中国的视图和外面不一样。</text><text>我在上堂课就有发现了。</text><text>对照自己的课本发现我的书上左视图在主视图右侧，</text><text>俯视图在主视图下方。</text><text>图纸是工程师的语言，</text><text>本人在工作时就因为左右视图画反出现错误，</text><text>如果不去标注左右视图，</text><text>这样的话不会产生歧义吗？</text></co-content>","item","POZJ3uOtEeSoXCIACw4Gzg","","6cib0","","","",2015-12-30 13:58:25.095,2015-12-30 13:58:25.095
"LlHk6sJMEeWXhA6W5IbXRQ",adb2b8500d20558357e419aa4eff47c50bd1a471,"706 AutoCAD 標註型式設定 问题有错误","<co-content><text>您好，</text><text>706 AutoCAD 標註型式設定 问题有错误：</text><text>水平 错误写成了 水瓶</text><text>如图：</text><img assetId=\"GlHO_MJMEeWVLw5DTx4w7w\" alt=\"\"/><text/></co-content>","item","POZJ3uOtEeSoXCIACw4Gzg","","HD5V6","","","",2016-01-24 03:40:15.509,2016-01-24 03:40:15.509
"bRxm8lnHEeWkVgp3YUjFSw",c8dc5dea924e604873948e991855275872f9eafc,"忍不住赞一下康老师！康老师讲得真好！","<co-content><text>康老师，您讲得生动有趣！非常喜欢听您讲课！</text><text>尤其“椭圆定义”比我的中学老师讲得动听！</text><text>其实，从头开始上您的课，都觉得您讲得很好，听到这里终于忍不住要赞一下了^_^</text><text>赞！</text></co-content>","item","POZJ3uOtEeSoXCIACw4Gzg","","cFvam","","","",2015-09-13 03:27:56.861,2015-09-13 03:27:56.861
"ExFCyLLTEeWF2Q53QdZUbw",c2587e7c291e94e6c8600fdf1b78f12e34c1b6f2,"大家可以帮我评分作业吗","<co-content><text>大家可以帮我评分作业吗</text></co-content>","module","POZJ3uOtEeSoXCIACw4Gzg","ZavtT","","","","",2016-01-04 11:05:33.241,2016-01-04 11:05:33.241
"uL4gSyxYEeWyOiIAC7aEiQ",4a14cbd96b71b7ae479eb73b4409e4b7575e97d6,"无法安装autodesk","<co-content><text>我已经重试了好几次了，每次都最后都是提示无法安装：network failure</text><text>请问该如何解决</text></co-content>","item","POZJ3uOtEeSoXCIACw4Gzg","","du7Yk","","","",2015-07-17 07:52:07.288,2015-07-17 07:52:07.288
"DPFBUC9OEeWOkCIAC4UG7w",6e182d19b91c38f96851cb1ab10694da15f53f55,"8:33","<co-content><text>  81.65%是三分之根六  </text></co-content>","item","POZJ3uOtEeSoXCIACw4Gzg","","klaji","","","",2015-07-21 02:13:17.576,2015-07-21 02:13:17.576
"YgC0ko81EeWIeBJxvl1elQ",c94519858b9a32d1663799847e04ab4f8cb2ddcd,"我沒辦法練續畫線?","<co-content><text>我上我查到拉出一條直線後，按空白建(或Enter)可以設定好線段的另一個端點，並且可以直接開始畫第二個分開的線段，而不用一直點擊畫線指令</text><text>但是我不論按空白或Enter都只會把我當前的動作取消而已，並沒有我查到的效果，這是為什麼呢?</text></co-content>","item","POZJ3uOtEeSoXCIACw4Gzg","","GbddL","","","",2015-11-20 03:18:34.492,2015-11-20 03:18:34.492
"pykWUaJxEeWG0xJGD15hdw",1451c696e2b0afcb98545cdd3c788a0d287cbfee,"請問；第一周的課程的截止期限的 年／月／日？","<co-content><text>看到的，不是很清楚。</text><text>謝謝回覆！</text><text/></co-content>","module","POZJ3uOtEeSoXCIACw4Gzg","6mmBL","","","","",2015-12-14 14:47:52.416,2015-12-14 14:47:52.416
"cEXLECGEEeWd3iIAC7VAtA",2a39e6a98f1c89a22c6a4061d8a2e4c39a862744,"錯別字 -- 夾角為何? vs. 夾角為和?","<co-content><text>5:49的線上課程測驗有上述錯別字(夾角為【和】).</text></co-content>","module","POZJ3uOtEeSoXCIACw4Gzg","a0TlK","","","","",2015-07-03 13:07:20.769,2015-07-03 13:07:20.769
"DUUXmRZzEeWA7CIAC5WDNQ",2a39e6a98f1c89a22c6a4061d8a2e4c39a862744,"拋物線的準線位置","<co-content><text>準線上O點到拋物線頂點的距離應等於拋物線焦點到拋物線頂點的距離</text><text>O點為: 軸線和準線的交點</text><text>因此, video上(00:30 - 09:06) 出現的準線AOB線段是否應該往下移一點?</text><text>參考資料(下方連結pdf的第3頁):</text><text>http://www.ckvs.ntpc.edu.tw/%E6%8E%A8%E8%96%A6%E5%8F%83%E8%A7%80%E9%80%A3%E7%B5%90/%E6%95%B8%E4%BD%8D%E5%AD%B8%E7%BF%92%E5%B9%B3%E5%8F%B0/%E7%B7%9A%E4%B8%8A%E5%AD%B8%E7%BF%92%E6%95%99%E6%9D%90/%E4%B8%80%E8%88%AC%E7%A7%91%E7%9B%AE/%E6%95%B8%E7%90%86%E5%8C%96%E7%A7%91/%E6%8B%8B%E7%89%A9%E7%B7%9A.pdf</text><text/></co-content>","module","POZJ3uOtEeSoXCIACw4Gzg","L5nbS","","","","",2015-06-19 11:05:10.435,2015-06-19 11:05:10.435
"Gq-EKxZrEeWHGCIACznL2w",2a39e6a98f1c89a22c6a4061d8a2e4c39a862744,"橢圓R線段的標示是否有誤?","<co-content><text>在橢圓video課程(約03:09位置)所出現的圖示中, R線段(長度為(1/2)*AB)的圓心位置是否應為C(或D), 而非O點?</text></co-content>","module","POZJ3uOtEeSoXCIACw4Gzg","L5nbS","","","","",2015-06-19 10:08:16.969,2015-06-19 10:08:16.969
"wyf0PxZtEeWA7CIAC5WDNQ",2a39e6a98f1c89a22c6a4061d8a2e4c39a862744,"橢圓Video課程的滑鼠指的AE線段和實際應為A1線段是否不一致?","<co-content><text>在約5:27-5:30處, 以E為圓心, 半徑為A1, 找出G點時. 但操作滑鼠指AE線段是半徑, 是否應指示到A1線段才對?</text><text>可能是因為AE和A1的發音相近，混淆所致.</text></co-content>","module","POZJ3uOtEeSoXCIACw4Gzg","L5nbS","","","","",2015-06-19 10:27:18.609,2015-06-19 10:27:18.609
"u5BLBxgPEeWmISIAC9QOog",2a39e6a98f1c89a22c6a4061d8a2e4c39a862744,"最小直徑實線圓的投影線","<co-content><text>在10:55開始的【中心線細節】的【環狀排列】, 其中右側圖示內最小直徑實線圓的投影線是否沒有在左側的圖標出?</text></co-content>","module","POZJ3uOtEeSoXCIACw4Gzg","MDbPH","","","","",2015-06-21 12:19:15.504,2015-06-21 12:19:15.504
"HtLEZRgUEeWd3iIAC7VAtA",2a39e6a98f1c89a22c6a4061d8a2e4c39a862744,"表示挖洞的圓柱的兩條隱藏線是否應左右對稱?","<co-content><text>在【505 圓柱與曲面慣用表示】約11:42處，其中右側圖，表示挖洞的圓柱的兩條隱藏線是否應左右對稱?</text></co-content>","module","POZJ3uOtEeSoXCIACw4Gzg","MDbPH","","","","",2015-06-21 12:50:40.021,2015-06-21 12:50:40.021
"5WKarGTeEeW1ShIhri4C5Q",df143648eb841cb2cb0e20123d5d87abf2af8ddc,"怎么申请证书呢？","<co-content><text>我已经学习完成，如何申请证书？</text></co-content>","module","POZJ3uOtEeSoXCIACw4Gzg","ZavtT","","","","",2015-09-27 06:13:39.863,2015-09-27 06:13:39.863
"RmHvvhSEEeWmISIAC9QOog",3df8703c7d70ce74e39b41d17cd14e780f3df50f,"Problem w/ English subtitle","<co-content><text>sss</text></co-content>","course","POZJ3uOtEeSoXCIACw4Gzg","","","","","",2015-06-17 00:03:25.373,2015-06-17 00:03:25.373
"K7TBDhSFEeWd3iIAC7VAtA",3df8703c7d70ce74e39b41d17cd14e780f3df50f,"Body field in creating or replying to a Theard is problematic, it annoyingly auto sugests and fills words.","<co-content><text>sss</text></co-content>","course","POZJ3uOtEeSoXCIACw4Gzg","","","","","",2015-06-17 00:09:50.114,2015-06-17 00:09:50.114
"VFfjfxtpEeWA7CIAC5WDNQ",e0374c0adfa66e97a7ab358853c3930a0cd22b3c,"1分10秒处有错误","<co-content><text>front view 在视频中出现的注释写的是上视图，应该是前视图</text></co-content>","item","POZJ3uOtEeSoXCIACw4Gzg","","6cib0","","","",2015-06-25 18:38:10.523,2015-06-25 18:38:10.523
"PadIhxPLEeWHGCIACznL2w",9f206386c19ce2ef2dd9460d77ebfbc4f2a8b6a3,"學前調查問卷填寫無法提交","<co-content><text>由於問卷發佈者使用期效已過</text></co-content>","module","POZJ3uOtEeSoXCIACw4Gzg","6mmBL","","","","",2015-06-16 01:58:53.833,2015-06-16 01:58:53.833
"G28A4UNnEeWPFgp1wk3USw",1ba0e2f9e7e959b36de8c1b48407df0f1e999bd1,"从1：05开始声音混乱","<co-content><text>从1：05开始声音混乱，先是静音，然后过了好久又开始有声音，但是不合拍了，后面的声音都乱了。</text></co-content>","item","POZJ3uOtEeSoXCIACw4Gzg","","ZOw05","","","",2015-08-15 16:03:02.562,2015-08-15 16:03:02.562
"ZPxYtC-VEeWeoSIAC0aC-w",162ee999c5b16f882e7deb3dcba0c4e56745258d,"老师在视频中利用四分点画线时，是怎么操作达到连续划线的？","<co-content><text>老师在视频中利用四分点画线时，是怎么操作达到连续划线的？我每次画线或者画圆都需要重新选择菜单栏中的功能键┑(￣Д ￣)┍</text></co-content>","item","POZJ3uOtEeSoXCIACw4Gzg","","1AWPc","","","",2015-07-21 10:43:59.556,2015-07-21 10:43:59.556
"c6uzGSwxEeWOkCIAC4UG7w",e2736aa63c87e83618a1d2136ee86b1cc1eae29b,"新手学习CAD","<co-content><text>以前只会安装，没有认真学习过的。</text></co-content>","item","POZJ3uOtEeSoXCIACw4Gzg","","ljbCo","","","",2015-07-17 03:11:01.032,2015-07-17 03:11:01.032
"WIFsCi3cEeWOkCIAC4UG7w",e2736aa63c87e83618a1d2136ee86b1cc1eae29b,"学习","<co-content><text>第一次学习CAD。</text></co-content>","item","POZJ3uOtEeSoXCIACw4Gzg","","Kph6n","","","",2015-07-19 06:06:50.56,2015-07-19 06:06:50.56
"hbvCEsCWEeWl4RIs9EHA5Q",0d81005bd0553ffcb969aec0f034e60f7a115ee5,"請問為什麼70的圓是小圓50的圓是大圓呢?","<co-content><text>如題</text><text>畫出兩個圓的時候為什麼50的反而是大圓70是小圓</text></co-content>","item","POZJ3uOtEeSoXCIACw4Gzg","","1AWPc","","","",2016-01-21 23:27:22.597,2016-01-21 23:35:47.14
"Mu3c4yTDEeWYoCIAC5MBcw",5a51df8ed2cd7caf59fa0fcd72cd1e213c044167,"請問問卷的連結在哪裡？","<co-content><text>只有看到老師的影片，沒看到問卷耶…？</text></co-content>","item","POZJ3uOtEeSoXCIACw4Gzg","","Qm8kd","","","",2015-07-07 16:14:09.634,2015-07-07 16:14:09.634
"xxpQCSWAEeWeGSIACxeHVw",5a51df8ed2cd7caf59fa0fcd72cd1e213c044167,"騙吃騙吃","<co-content><img assetId=\"m5GZTCWAEeWn-RKFQUXfYw\" alt=\"\"/><text/><img assetId=\"sayfrSWAEeWqdgoBr7xeAw\" alt=\"\"/><text/></co-content>","item","POZJ3uOtEeSoXCIACw4Gzg","","iCjGL","","","",2015-07-08 14:51:13.11,2015-07-08 14:51:13.11
"FLlP4T6bEeW2ASIACxeTpg",0b3d78a98f88c1ed078903e8be045bb10c1c569c,"成绩全部完成了，也有Get My Verified Certificate，为什么没有证书呢？","<co-content><text>成绩全部完成了，也有Get My Verified Certificate，为什么没有证书呢？</text></co-content>","module","POZJ3uOtEeSoXCIACw4Gzg","ZavtT","","","","",2015-08-09 13:32:29.321,2015-08-09 13:32:29.321
"Hgis_j24EeW2ASIACxeTpg",fd235b9092c625358e25e5a0d2e12838a5c962f3,"沒辨法下載這圖框耶","<co-content><text>如標題</text><text><a href=\"https://eventing.coursera.org/api/redirectStrict/9GvXBXjqHqQpKSijZKV8Ipb-zRFnB75pgZX70FfCMcbBUJn2RTvOqoU89J69ffD36gOlsuGwvNywC8LEWWnOSg.3jg1q5Ca1lCh_C_vH5EHWg.oo2seK9jzc0U9SkrlnlF2WHMzu7vJhSu1yp2NFpJprafEN_SNtjkIq2rEH1Qeruu-iEBU2i75UZSKhly5C2VGUJJwyOnUDiuQahRj93rJA7yrZ6f-ozDgMdtvDrwtFMNkgN-ZM2YTVsKo7HFT04064gUTwm9HIGKib9Oyq8iBYYSil5CRA25Zudw2P520gy58ZRqCgUq--V-I6s5c30gvH4D-jSFf-DuMV1SKpdEvjJJ201P64YRaNzXZnMoObi72dbP_8rk9ELXNB1a5dXiWxC1wNHDpA3TtAkdaoqnW3JeqwL0BkauQBNEXNJ_Fzi-CV65OEJ98mRqVVghIaBZOLKXGRo8QlMfT8_RMsUvX-o\">https://eventing.coursera.org/api/redirectStrict/9GvXBXjqHqQpKSijZKV8Ipb-zRFnB75pgZX70FfCMcbBUJn2RTvOqoU89J69ffD36gOlsuGwvNywC8LEWWnOSg.3jg1q5Ca1lCh_C_vH5EHWg.oo2seK9jzc0U9SkrlnlF2WHMzu7vJhSu1yp2NFpJprafEN_SNtjkIq2rEH1Qeruu-iEBU2i75UZSKhly5C2VGUJJwyOnUDiuQahRj93rJA7yrZ6f-ozDgMdtvDrwtFMNkgN-ZM2YTVsKo7HFT04064gUTwm9HIGKib9Oyq8iBYYSil5CRA25Zudw2P520gy58ZRqCgUq--V-I6s5c30gvH4D-jSFf-DuMV1SKpdEvjJJ201P64YRaNzXZnMoObi72dbP_8rk9ELXNB1a5dXiWxC1wNHDpA3TtAkdaoqnW3JeqwL0BkauQBNEXNJ_Fzi-CV65OEJ98mRqVVghIaBZOLKXGRo8QlMfT8_RMsUvX-o</a></text><text/><text/><text/></co-content>","item","POZJ3uOtEeSoXCIACw4Gzg","","gPRr9","","","",2015-08-08 10:27:49.183,2015-08-08 10:27:49.183
"GCBM2zK0EeWNVyIAC0uErA",fd235b9092c625358e25e5a0d2e12838a5c962f3,"我找不到這個視窗","<co-content><text>請問一下，這怎麼辨?</text><img assetId=\"N2nJ2jK0EeWYfwqmmkCoYQ\" alt=\"\"/><text>我電腦只有調出這個視窗</text><text/><img assetId=\"UvnByTK0EeW0thIK2epFyw\" alt=\"\"/><text/></co-content>","item","POZJ3uOtEeSoXCIACw4Gzg","","wFqWC","","","",2015-07-25 10:01:18.494,2015-07-25 10:03:12.21
"ne5IFzN0EeWF2iIACyygBg",fd235b9092c625358e25e5a0d2e12838a5c962f3,"可以教我使用ratio比例的正確操作步驟嗎","<co-content><text>我是先點選ratio，按enter, 然後選中選基點，再往邊選取右邊端時，整個圖案就消失了。</text><text/><text>感謝大家的分享</text><text/><text/><img assetId=\"dVyVXDN1EeWXGwrkdqvMKQ\" alt=\"\"/><text/><text/><text/><text/></co-content>","item","POZJ3uOtEeSoXCIACw4Gzg","","Q3ydh","","","",2015-07-26 08:59:26.353,2015-07-26 09:06:19.774
"idyKoinwEeWmViIAC5MTmg",62e36677e249c31b4d42049123ab97a48ef70404,"看视频的时候卡顿的状况","<co-content><text>看视频经常出现画面不动而声音继续说的情况，即使刷新网页也没有用。希望提供解决方案或者视频的下载链接以供离线观看。</text></co-content>","module","POZJ3uOtEeSoXCIACw4Gzg","zMcA3","","","","",2015-07-14 06:21:18.649,2015-07-14 06:21:18.649
"OqPTQhY5EeWYoCIAC5MBcw",c60c73071d6f2e2c8b7bf0f02daaec2642f9ff69,"subtitulos","<co-content><text>subtitulos</text></co-content>","course","POZJ3uOtEeSoXCIACw4Gzg","","","","","",2015-06-19 04:11:15.743,2015-06-19 04:11:15.743
"Gb9vsKe6EeWF2Q53QdZUbw",8b78b1d3ab6ef4bd69b14358fc10c5d40f25de38,"关于两圆柱相接的惯用表示","<co-content><text>在视频的05:48 处的主视图， 是否不应该为两个相接的矩形？相接处是不是应该是弧线呢？</text></co-content>","item","POZJ3uOtEeSoXCIACw4Gzg","","MvXQX","","","",2015-12-21 08:09:04.24,2015-12-21 08:10:16.058
"RYY3lz93EeWm9SIAC5HAew",459ab83f3ee8f83d360a60aba84e1fa93a838395,"如何七等分一个角/一段弧？","<co-content><text>在画正七边形的课里有一个步骤需要七等分一段弧，这里老师提到之前已经学过二等分角和三等分角的方法，但这两种方法似乎不能推广到七等分上？不知道具体应该如何七等分这段圆弧？</text><img assetId=\"WjCMvT92EeWxgwoU-Y5WvQ\" alt=\"\"/><text/></co-content>","module","POZJ3uOtEeSoXCIACw4Gzg","L5nbS","","","","",2015-08-10 15:48:40.475,2015-08-10 15:48:40.475
"B2eifx4qEeWA7CIAC5WDNQ",d2106b3f03fdea07419329e2c77228a6aa6696de,"练习","<co-content><text>问一下”保存草稿“就算提交练习了吗？怎样才算”通过练习“呢？</text></co-content>","item","POZJ3uOtEeSoXCIACw4Gzg","","8ILE3","","","",2015-06-29 06:42:36.636,2015-06-29 06:42:36.636
"-DfVnh4lEeWYoCIAC5MBcw",d2106b3f03fdea07419329e2c77228a6aa6696de,"练习","<co-content><text>拜托问一下怎么样才算是通过练习呢？</text></co-content>","item","POZJ3uOtEeSoXCIACw4Gzg","","JWs87","","","",2015-06-29 06:13:33.17,2015-06-29 06:13:33.17
"5jwbzxSrEeWmISIAC9QOog",d2106b3f03fdea07419329e2c77228a6aa6696de,"课时进度","<co-content><text>好像所有课都可以上了，这个还需要按周学习吗？</text></co-content>","course","POZJ3uOtEeSoXCIACw4Gzg","","","","","",2015-06-17 04:47:03.933,2015-06-17 04:47:03.933
"u4hyOieVEeWSQSIAC5cRKQ",a7eb9b1fd7649710edc284e57020c90b2a532449,"为什么我按照老师讲的80个单位，作出来的图很小很小?","<co-content><text>为什么我按照老师讲的输入80个单位</text></co-content>","module","POZJ3uOtEeSoXCIACw4Gzg","OaWEV","","","","",2015-07-11 06:26:15.456,2015-07-11 06:26:15.456
"Ju7gdiuCEeWw8CIACnuItg",1e38adac43f6f3a942df58ee1cc223813c746b9e,"Something wrong with the Video","<co-content><text>This video cannot be played after 3 or 4 mins... Could anybody check and repair it? Thx</text></co-content>","item","POZJ3uOtEeSoXCIACw4Gzg","","MvXQX","","","",2015-07-16 06:16:10.36,2015-07-16 06:16:10.36
"y1W0PvzAEeWa4BJaeUokOQ",fdf7b295234c0bbd859a8f830339a4f98e856f70,"When are you gonna have english subtitles?","<co-content><text>I'ts sad that this course does not have english subtitles :(</text></co-content>","item","POZJ3uOtEeSoXCIACw4Gzg","","du7Yk","","","",2016-04-07 13:01:07.998,2016-04-07 13:01:07.998
"HOVQshOlEeWHGCIACznL2w",9744aa7bd61a1d48407a08745c700203d07442cd,"Subtitle missing","<co-content><text>I thought there would be English language subtitles for this course.</text></co-content>","item","POZJ3uOtEeSoXCIACw4Gzg","","X7xTF","","","",2015-06-15 21:25:57.999,2015-06-15 21:25:57.999
"xq4zc7tuEeWtFA5RrsHG3Q",b05a9cb070e50397ba0f99e6fb57d78a0abd85c7,"如何在autocad直接输入长宽得出长方形","<co-content><text>本想画图，但是由于auto Cad 的矩形绘图一直有问题，不能直接输入长宽画图，一直从指定的矩形参数创建矩形多段线（长度、宽度、旋转角度）和角点类型（圆角、倒角或直角），、却不能用最原始的方法画图，求解答</text></co-content>","module","POZJ3uOtEeSoXCIACw4Gzg","MDbPH","","","","",2016-01-15 10:00:15.877,2016-01-15 10:00:15.877
"-KNSdinEEeWOKyIACimMGQ",8c3de86e0a51426396b7220500c25527cecccfdf,"The original and I learn together most of the students native language is English","<co-content><text>       my opinion relly feel this coursera is difficult,but very pratical ,very inte</text></co-content>","item","POZJ3uOtEeSoXCIACw4Gzg","","8ILE3","","","",2015-07-14 01:09:26.645,2015-07-14 01:09:26.645
"C8qJYihHEeWHPSIAC7MNfg",8c3de86e0a51426396b7220500c25527cecccfdf,"手绘的感觉还是挺棒的","<co-content><text> </text></co-content>","item","POZJ3uOtEeSoXCIACw4Gzg","","JWs87","","","",2015-07-12 03:35:31.028,2015-07-12 03:35:31.028
"_QKA0GzdEeWWpw7gge8ZbQ",96c34da6d34031bf73f03f4eea05b98b713d696e,"畫的好緊張啊!!!!","<co-content><text/><img assetId=\"p8YhsGzdEeW8pgoclVN37w\" alt=\"\"/><img assetId=\"voKYWWzdEeWPsRKayn4cqw\" alt=\"\"/><text/><img assetId=\"1cSTGmzdEeWPsRKayn4cqw\" alt=\"\"/><text/></co-content>","item","POZJ3uOtEeSoXCIACw4Gzg","","iCjGL","","","",2015-10-07 10:27:19.304,2015-10-07 10:27:19.304
"XekhhNbMEeW17wrgkMLDIQ",989a1749510727449a37abffb0adddb7a54e98d5,"301准确性检测有问题","<co-content><text>不知道标准答案设置是用怎么样的尺寸画的？我自己试了好多种还是不对。画对的同学们是用了多大的尺寸呢？</text></co-content>","module","POZJ3uOtEeSoXCIACw4Gzg","OaWEV","","","","",2016-02-19 05:48:14.19,2016-02-19 05:48:14.19
"wQNEbBQaEeWd3iIAC7VAtA",ea0d3eef9a22a8a5facab9cc03be114fa2c57f4d,"有關Application Manager Update問題","<co-content><text>已查看107 AutoCAD 2015 軟體安裝 (<a href=\"https://eventing.coursera.org/api/redirectStrict/jZz9qp-_SlKFx63GgaFAESLSv5bZqNxvntJcIXVio30SaFCQ_y2W9rxT64Iq6yfbEC5HhBZdxwD3azzGmCpu4A.fXeWdbd0Kws-vUtvLSNimg.ejgr_uqykG7zAQj-BGXTeIkK1g589OBOagAMhFTvwJ8l1Z1PsnjFld547-gSC6hlVBJgC8U3Ew5-zHD-3TNtrVbPn_Tg4wQlQlwr_6JqXpIgsGSSno6x8JSIXqcEceO6dG1xrOikaK-QTtbl5VpPVmuGjY8kE3ySDHoaDiO1vPPlQYOtNu-7rFTW5scsPK3Wml7o02UWvsq_3DFbhz9lcXaqp49tRuRVz8KLMELVx5FFniW3fh-hup1_iFqum1d0LbpNuIkxyj5K7oa-qDpWTb3_scRwkLp8bY39cGa0OY0oIDDUA_qP5ccNtKWoi8XvAEwrFI0dxgLRqx6VF4SndEiT47DlrVCDAyJ6q2kNIcVNT2B2mdx_YA1JVEnuuIwTqOc30KuXst9L-4RQfCBDpt6bpfDAqOfF9Y4kUPQzrRUxmAAzPiBXbbfDYz-DKZoYbDEmEKRXmrwkLmFxkWveoF_r5V1zF9ClrQEozRXgA6i7kO6jZkTVLIPfxT4zWt0AmuzFLlXIjTqm9zqDAZ4jpM2TJ0QJ12H63WNhK5hheyG5QdbP18Ul6HQUG23V_Yz1Ea_T2MumroIOKjpbC-VKQg\">簡報下載</a>)內容，且依照步驟完成安裝軟體。</text><text/><text>開啟軟體後，另跳出Application Manager Update提示訊息，有3個選項，如下所示</text><text>(1)Autodesk BIM 360 add in app R4 Update for Autodesk AutoCAD 2015 64 bit</text><text>Autodesk BIM 360 add-in app R4 Update for Autodesk AutoCAD 2015</text><text>已發佈:2015/5/11</text><text>(2)AutoCAD 2015 Chinese-Traditional Locked 64-Bit Service Pack SP2</text><text>AutoCAD(R) 2015 64bit Service Pack 2</text><text>已發佈:2014/9/25</text><text>(3)Autodesk Licensing Manager 2015 Traditional Chinese 64-bit Security Hotfix</text><text> 授權 Autodesk 2015 產品 Hotfix(CVE-2014-3566)</text><text>已發佈:2015/4/10</text><text>請問這3個更新檔，需要一起安裝嗎?謝謝。</text><text/><text/></co-content>","module","POZJ3uOtEeSoXCIACw4Gzg","6mmBL","","","","",2015-06-16 11:28:04.459,2015-06-16 11:28:04.459
"x4X-3qhHEeW2NBLvq9LZHQ",62fb88676cbf757c91d02da29e247e44d18150ae,"BIM交流QQ群，欢迎大家加入讨论。CAD学习者也可以一起讨论本专题课程。","<co-content><text>BIM工程师交流群 73995065，此是新建的群组，用于本课程交流使用。\\n</text><text>我的领英：https://cn.linkedin.com/in/松-陈-529722b0</text><text/></co-content>","module","POZJ3uOtEeSoXCIACw4Gzg","6mmBL","","","","",2015-12-22 01:03:14.826,2015-12-22 01:03:14.826
"lAuCN0erEeW0UA4hZsSjlQ",1d5dec4cec413c1abfb3ff3f8f5cb25094074bf8,"PDF与视频内容的不同","<co-content><text>老师，您好，PDF 504<strong> 隐藏线和中心线 ——隐藏线细节（2/5），第一个图示与视频内容上的图示不一样</strong></text><img assetId=\"hQhuY0erEeWDYhKWGD1E4w\" alt=\"\"/><text/></co-content>","item","POZJ3uOtEeSoXCIACw4Gzg","","g4SnF","","","",2015-08-21 02:23:15.343,2015-08-21 02:23:15.343
"LyIsUjzUEeW2ASIACxeTpg",c59d9ed4b0a58a7b682380f2fe4e8f233a7056e9,"学完了工程图学，用CAD绘制了一辆Lamborghini","<co-content><text/><img assetId=\"GHKtAjzUEeWkYw4zx_qqFQ\" alt=\"\"/><text/></co-content>","module","POZJ3uOtEeSoXCIACw4Gzg","ZavtT","","","","",2015-08-07 07:16:12.617,2015-08-07 07:16:12.617
"un6s1zQGEeWPACIACw4G5w",eb97dd6237034902fe374addbf21ceb9cb53361e,"作业照片被压扁了吗？","<co-content><text>今早收到一个手绘抛物线作业评价，说是作业照片有点问题，进去一看竟然被压扁了(&gt;_&lt;)看了一下茶壶也是变得胖胖的...</text><text>请问大家有这个问题吗？如何解决呢？</text></co-content>","module","POZJ3uOtEeSoXCIACw4Gzg","L5nbS","","","","",2015-07-27 02:25:20.798,2015-07-27 02:25:20.798
"tbf3PxSAEeWA7CIAC5WDNQ",1fb0054ad719952f14f3af26f2c13da03f6eda65,"標註位置","<co-content><text>標註位置在實際工程電腦繪圖中還是要以置中比較容易閱讀吧？我在覆閱別人的圖的時候，都是建議工程師要盡量置中對齊。而且還會要求標註間距要一致。</text></co-content>","item","POZJ3uOtEeSoXCIACw4Gzg","","js8wk","","","",2015-06-16 23:37:54.177,2015-06-16 23:37:54.177
"d5a7pBf9EeWHGCIACznL2w",70c9b997fd515a3407a39496fe4c2e7b833310ae,"download autocad 2015 - from autocad website","<co-content><text>Dear Professor,</text><text>I tried to download autocad 2015 following your instructions. However, I can only use wifi to download the 2.9 G autocad 2015 in total. The speed is below 1 MB/S and I have to wait many hours and the network was timed out and stopped before things are complete. The best I can download is up to 580 MB after 2 hours and was stopped.</text><text>Please suggest other feasible methods.</text></co-content>","item","POZJ3uOtEeSoXCIACw4Gzg","","ljbCo","","","",2015-06-21 10:08:30.52,2015-06-21 10:08:30.52
"IsBUviCEEeWA7CIAC5WDNQ",8b414bf67530e107b5bbb42480be3240d67d9151,"Could you please review 手繪等角圖EG4_MU YANG","<co-content><text>hey everybody, could you possibly review my 手繪等角圖EG4_MU YANG in return, I am lacking in 3 more review to pass the assignment, thank you all !  \\n</text><text/></co-content>","item","POZJ3uOtEeSoXCIACw4Gzg","","qUzCq","","","",2015-07-02 06:32:39.547,2015-07-02 06:32:39.547
"98qRp8daEeWOrRLEo62RWw",fb8b2bef7cc9630da94f985a150fe2dabbae92f0,"哪位同学帮忙改下作业呀，作业都一直在评审中！求帮忙！！","<co-content><text>哪位同学帮忙改下作业呀，作业都一直在评审中！求帮忙！！</text></co-content>","module","POZJ3uOtEeSoXCIACw4Gzg","a0TlK","","","","",2016-01-30 14:08:42.29,2016-01-30 14:08:42.29
"pH7rzMKtEeWc7QoaaZlQOQ",fb8b2bef7cc9630da94f985a150fe2dabbae92f0,"要是有一个单元的测试没有通过，可以申请证书吗？","<co-content><text>要是有一个单元的测试没有通过，可以申请证书吗？</text></co-content>","module","POZJ3uOtEeSoXCIACw4Gzg","L5nbS","","","","",2016-01-24 15:17:54.958,2016-01-24 15:17:54.958
"88Asf8daEeWQeBKXzVfQFQ",fb8b2bef7cc9630da94f985a150fe2dabbae92f0,"哪位同学帮忙改下作业呀，作业都一直在评审中！求帮忙！！","<co-content><text>哪位同学帮忙改下作业呀，作业都一直在评审中！求帮忙！！</text></co-content>","module","POZJ3uOtEeSoXCIACw4Gzg","MDbPH","","","","",2016-01-30 14:08:35.511,2016-01-30 14:08:35.511
"6Z8mfMNmEeW_UhLKov_F2Q",fb8b2bef7cc9630da94f985a150fe2dabbae92f0,"哪位同学帮忙评下作业","<co-content><text>哪位同学帮忙评下作业</text></co-content>","module","POZJ3uOtEeSoXCIACw4Gzg","MDbPH","","","","",2016-01-25 13:24:07.827,2016-01-25 13:24:07.827
"P074PcRHEeWc7QoaaZlQOQ",fb8b2bef7cc9630da94f985a150fe2dabbae92f0,"哪位同学帮忙评作业？","<co-content><text>哪位同学帮忙评作业？</text></co-content>","module","POZJ3uOtEeSoXCIACw4Gzg","a0TlK","","","","",2016-01-26 16:09:58.853,2016-01-26 16:09:58.853
"SEuI3MRHEeWb3QofSqIPlQ",fb8b2bef7cc9630da94f985a150fe2dabbae92f0,"哪位同学帮忙评作业？","<co-content><text>哪位同学帮忙评作业？</text></co-content>","module","POZJ3uOtEeSoXCIACw4Gzg","vxWbI","","","","",2016-01-26 16:10:13.93,2016-01-26 16:10:13.93
"1Eso7kkeEeWBRg5dvElQww",a458e796c597d88b0d0b790d8f813be3b29938ac,"autocad自学","<co-content><text>已经有一年建筑设计学习经验，autocad由于学习需要，自学开始使用          </text></co-content>","item","POZJ3uOtEeSoXCIACw4Gzg","","Kph6n","","","",2015-08-22 22:40:46.421,2015-08-22 22:40:46.421
"LMuYkjQBEeWF2iIACyygBg",37d78e9d1009814807271ad662611694bd217c9b,"审阅他人作业时的问题","<co-content><text>提交审阅电脑总是说要填写所有栏目是什么意思？那些选填的也必须填吗？万一人家没错怎么办。。。</text></co-content>","item","POZJ3uOtEeSoXCIACw4Gzg","","JWs87","","","",2015-07-27 01:45:35.582,2015-07-27 01:45:35.582
"B2eU8-teEeWeyQ6xu8k3Vw",013f629a3f25f6041f6d411fffc4be5559117549,"直線很難畫","<co-content><text>大家畫直時 ，會不會中間有凸出來的情況</text></co-content>","item","POZJ3uOtEeSoXCIACw4Gzg","","8fVvc","","","",2016-03-16 10:01:18.835,2016-03-16 10:01:18.835
"ha8-8sgzEeWNrwo_o9VBAQ",c098051b4f5c6de3ac559b38fa38e415de737554,"关于作业互评。","<co-content><text>如果在作业限定时间内，没有被五个同学评分，怎么办？</text></co-content>","module","POZJ3uOtEeSoXCIACw4Gzg","MDbPH","","","","",2016-01-31 15:58:51.641,2016-01-31 15:58:51.641
